00:00:00.004350 main     VirtualBox COM Server 4.1.34 r1175144648 win.amd64 (Jul 26 2022 16:16:15) release log
00:00:00.004357 main     Log opened 2023-05-29T02:08:48.144585500Z
00:00:00.004357 main     Build Type: release
00:00:00.004370 main     OS Product: Windows 11
00:00:00.004371 main     OS Release: 10.0.22621
00:00:00.004372 main     OS Service Pack: 
00:00:00.024186 main     DMI Product Name: 82FG
00:00:00.033782 main     DMI Product Version: IdeaPad 5 15ITL05
00:00:00.033979 main     Firmware type: UEFI
00:00:00.034278 main     Secure Boot: VERR_PRIVILEGE_NOT_HELD
00:00:00.034307 main     Host RAM: 7975MB (7.7GB) total, 926MB available
00:00:00.034312 main     Executable: C:\Program Files\ldplayer9box\Ld9BoxSVC.exe
00:00:00.034312 main     Process ID: 24104
00:00:00.034313 main     Package type: WINDOWS_64BITS_GENERIC (OSE)
00:00:00.036953 main     AssertLogRel H:\vbox-6.1.36\src\VBox\Main\src-all\win\VBoxProxyStub.c(869) long __cdecl vbpsCreateRegKeyA(struct VBPSREGSTATE *,struct HKEY__ *,const char *,struct HKEY__ **,unsigned int): VBPS_LOGREL_NO_ASSERT(rc == ERROR_ACCESS_DENIED)
00:00:00.036970 main     1449: create key '{20191216-1750-46f0-936e-bd127d5bc264}' -> 5
00:00:00.037025 main     AssertLogRel H:\vbox-6.1.36\src\VBox\Main\src-all\win\VBoxProxyStub.c(869) long __cdecl vbpsCreateRegKeyA(struct VBPSREGSTATE *,struct HKEY__ *,const char *,struct HKEY__ **,unsigned int): VBPS_LOGREL_NO_ASSERT(rc == ERROR_ACCESS_DENIED)
00:00:00.037029 main     1263: create key '{20191216-1807-4249-5ba5-ea42d66af0bf}' -> 5
00:00:00.037031 main     AssertLogRel H:\vbox-6.1.36\src\VBox\Main\src-all\win\VBoxProxyStub.c(964) long __cdecl vbpsCreateRegKeyWithDefaultValueAAEx(struct VBPSREGSTATE *,struct HKEY__ *,const char *,const char *,struct HKEY__ **,unsigned int): VBPS_LOGREL_NO_ASSERT(rc == ERROR_ACCESS_DENIED)
00:00:00.037034 main     1263: create key '{20191216-1807-4249-5ba5-ea42d66af0bf}'(/Default='PSFactoryBuffer') -> 5
00:00:00.037589 main     AssertLogRel H:\vbox-6.1.36\src\VBox\Main\src-all\win\VBoxProxyStub.c(869) long __cdecl vbpsCreateRegKeyA(struct VBPSREGSTATE *,struct HKEY__ *,const char *,struct HKEY__ **,unsigned int): VBPS_LOGREL_NO_ASSERT(rc == ERROR_ACCESS_DENIED)
00:00:00.037598 main     1582: create key '{20191216-d4fc-485f-8613-5af88bfcfcdc}' -> 5
00:00:00.037601 main     AssertLogRel H:\vbox-6.1.36\src\VBox\Main\src-all\win\VBoxProxyStub.c(964) long __cdecl vbpsCreateRegKeyWithDefaultValueAAEx(struct VBPSREGSTATE *,struct HKEY__ *,const char *,const char *,struct HKEY__ **,unsigned int): VBPS_LOGREL_NO_ASSERT(rc == ERROR_ACCESS_DENIED)
00:00:00.037604 main     1582: create key '{20191216-d4fc-485f-8613-5af88bfcfcdc}'(/Default='IVBoxSVCAvailabilityChangedEvent') -> 5
00:00:00.037950 main     AssertLogRel H:\vbox-6.1.36\src\VBox\Main\src-all\win\VBoxProxyStub.c(869) long __cdecl vbpsCreateRegKeyA(struct VBPSREGSTATE *,struct HKEY__ *,const char *,struct HKEY__ **,unsigned int): VBPS_LOGREL_NO_ASSERT(rc == ERROR_ACCESS_DENIED)
00:00:00.037962 main     1582: create key '{20191216-c6fa-430e-6020-6a505d086387}' -> 5
00:00:00.037965 main     AssertLogRel H:\vbox-6.1.36\src\VBox\Main\src-all\win\VBoxProxyStub.c(964) long __cdecl vbpsCreateRegKeyWithDefaultValueAAEx(struct VBPSREGSTATE *,struct HKEY__ *,const char *,const char *,struct HKEY__ **,unsigned int): VBPS_LOGREL_NO_ASSERT(rc == ERROR_ACCESS_DENIED)
00:00:00.037967 main     1582: create key '{20191216-c6fa-430e-6020-6a505d086387}'(/Default='IFsObjInfo') -> 5
00:00:00.038143 main     AssertLogRel H:\vbox-6.1.36\src\VBox\Main\src-all\win\VBoxProxyStub.c(869) long __cdecl vbpsCreateRegKeyA(struct VBPSREGSTATE *,struct HKEY__ *,const char *,struct HKEY__ **,unsigned int): VBPS_LOGREL_NO_ASSERT(rc == ERROR_ACCESS_DENIED)
00:00:00.038149 main     1582: create key '{20191216-ebf9-4d5c-7aea-877bfc4256ba}' -> 5
00:00:00.038162 main     AssertLogRel H:\vbox-6.1.36\src\VBox\Main\src-all\win\VBoxProxyStub.c(964) long __cdecl vbpsCreateRegKeyWithDefaultValueAAEx(struct VBPSREGSTATE *,struct HKEY__ *,const char *,const char *,struct HKEY__ **,unsigned int): VBPS_LOGREL_NO_ASSERT(rc == ERROR_ACCESS_DENIED)
00:00:00.038213 main     1582: create key '{20191216-ebf9-4d5c-7aea-877bfc4256ba}'(/Default='IDHCPGroupConfig') -> 5
00:00:00.038277 main     AssertLogRel H:\vbox-6.1.36\src\VBox\Main\src-all\win\VBoxProxyStub.c(869) long __cdecl vbpsCreateRegKeyA(struct VBPSREGSTATE *,struct HKEY__ *,const char *,struct HKEY__ **,unsigned int): VBPS_LOGREL_NO_ASSERT(rc == ERROR_ACCESS_DENIED)
00:00:00.038282 main     1582: create key '{20191216-f1f8-4590-941a-cdb66075c5bf}' -> 5
00:00:00.038286 main     AssertLogRel H:\vbox-6.1.36\src\VBox\Main\src-all\win\VBoxProxyStub.c(964) long __cdecl vbpsCreateRegKeyWithDefaultValueAAEx(struct VBPSREGSTATE *,struct HKEY__ *,const char *,const char *,struct HKEY__ **,unsigned int): VBPS_LOGREL_NO_ASSERT(rc == ERROR_ACCESS_DENIED)
00:00:00.038289 main     1582: create key '{20191216-f1f8-4590-941a-cdb66075c5bf}'(/Default='IInternalSessionControl') -> 5
00:00:00.038351 main     AssertLogRel H:\vbox-6.1.36\src\VBox\Main\src-all\win\VBoxProxyStub.c(869) long __cdecl vbpsCreateRegKeyA(struct VBPSREGSTATE *,struct HKEY__ *,const char *,struct HKEY__ **,unsigned int): VBPS_LOGREL_NO_ASSERT(rc == ERROR_ACCESS_DENIED)
00:00:00.038356 main     1582: create key '{20191216-7ff8-4a84-bd34-0c651e118bb5}' -> 5
00:00:00.038358 main     AssertLogRel H:\vbox-6.1.36\src\VBox\Main\src-all\win\VBoxProxyStub.c(964) long __cdecl vbpsCreateRegKeyWithDefaultValueAAEx(struct VBPSREGSTATE *,struct HKEY__ *,const char *,const char *,struct HKEY__ **,unsigned int): VBPS_LOGREL_NO_ASSERT(rc == ERROR_ACCESS_DENIED)
00:00:00.038361 main     1582: create key '{20191216-7ff8-4a84-bd34-0c651e118bb5}'(/Default='IUSBController') -> 5
00:00:00.038418 main     AssertLogRel H:\vbox-6.1.36\src\VBox\Main\src-all\win\VBoxProxyStub.c(869) long __cdecl vbpsCreateRegKeyA(struct VBPSREGSTATE *,struct HKEY__ *,const char *,struct HKEY__ **,unsigned int): VBPS_LOGREL_NO_ASSERT(rc == ERROR_ACCESS_DENIED)
00:00:00.038424 main     1582: create key '{20191216-42f8-cd96-7570-6a8800e3342c}' -> 5
00:00:00.038427 main     AssertLogRel H:\vbox-6.1.36\src\VBox\Main\src-all\win\VBoxProxyStub.c(964) long __cdecl vbpsCreateRegKeyWithDefaultValueAAEx(struct VBPSREGSTATE *,struct HKEY__ *,const char *,const char *,struct HKEY__ **,unsigned int): VBPS_LOGREL_NO_ASSERT(rc == ERROR_ACCESS_DENIED)
00:00:00.038430 main     1582: create key '{20191216-42f8-cd96-7570-6a8800e3342c}'(/Default='IDnDBase') -> 5
00:00:00.038686 main     AssertLogRel H:\vbox-6.1.36\src\VBox\Main\src-all\win\VBoxProxyStub.c(869) long __cdecl vbpsCreateRegKeyA(struct VBPSREGSTATE *,struct HKEY__ *,const char *,struct HKEY__ **,unsigned int): VBPS_LOGREL_NO_ASSERT(rc == ERROR_ACCESS_DENIED)
00:00:00.038693 main     1582: create key '{20191216-0ff7-46b7-a138-3c6e5ac946b4}' -> 5
00:00:00.038696 main     AssertLogRel H:\vbox-6.1.36\src\VBox\Main\src-all\win\VBoxProxyStub.c(964) long __cdecl vbpsCreateRegKeyWithDefaultValueAAEx(struct VBPSREGSTATE *,struct HKEY__ *,const char *,const char *,struct HKEY__ **,unsigned int): VBPS_LOGREL_NO_ASSERT(rc == ERROR_ACCESS_DENIED)
00:00:00.038699 main     1582: create key '{20191216-0ff7-46b7-a138-3c6e5ac946b4}'(/Default='IGuestDnDTarget') -> 5
00:00:00.038763 main     AssertLogRel H:\vbox-6.1.36\src\VBox\Main\src-all\win\VBoxProxyStub.c(869) long __cdecl vbpsCreateRegKeyA(struct VBPSREGSTATE *,struct HKEY__ *,const char *,struct HKEY__ **,unsigned int): VBPS_LOGREL_NO_ASSERT(rc == ERROR_ACCESS_DENIED)
00:00:00.038767 main     1582: create key '{20191216-80f6-4266-8e20-16371f68fa25}' -> 5
00:00:00.038769 main     AssertLogRel H:\vbox-6.1.36\src\VBox\Main\src-all\win\VBoxProxyStub.c(964) long __cdecl vbpsCreateRegKeyWithDefaultValueAAEx(struct VBPSREGSTATE *,struct HKEY__ *,const char *,const char *,struct HKEY__ **,unsigned int): VBPS_LOGREL_NO_ASSERT(rc == ERROR_ACCESS_DENIED)
00:00:00.038772 main     1582: create key '{20191216-80f6-4266-8e20-16371f68fa25}'(/Default='IReusableEvent') -> 5
00:00:00.038821 main     AssertLogRel H:\vbox-6.1.36\src\VBox\Main\src-all\win\VBoxProxyStub.c(869) long __cdecl vbpsCreateRegKeyA(struct VBPSREGSTATE *,struct HKEY__ *,const char *,struct HKEY__ **,unsigned int): VBPS_LOGREL_NO_ASSERT(rc == ERROR_ACCESS_DENIED)
00:00:00.038829 main     1582: create key '{20191216-3cf5-4c0a-bc90-9b8d4cc94d89}' -> 5
00:00:00.038832 main     AssertLogRel H:\vbox-6.1.36\src\VBox\Main\src-all\win\VBoxProxyStub.c(964) long __cdecl vbpsCreateRegKeyWithDefaultValueAAEx(struct VBPSREGSTATE *,struct HKEY__ *,const char *,const char *,struct HKEY__ **,unsigned int): VBPS_LOGREL_NO_ASSERT(rc == ERROR_ACCESS_DENIED)
00:00:00.038835 main     1582: create key '{20191216-3cf5-4c0a-bc90-9b8d4cc94d89}'(/Default='IGuestFileWriteEvent') -> 5
00:00:00.038888 main     AssertLogRel H:\vbox-6.1.36\src\VBox\Main\src-all\win\VBoxProxyStub.c(869) long __cdecl vbpsCreateRegKeyA(struct VBPSREGSTATE *,struct HKEY__ *,const char *,struct HKEY__ **,unsigned int): VBPS_LOGREL_NO_ASSERT(rc == ERROR_ACCESS_DENIED)
00:00:00.038892 main     1582: create key '{20191216-f4f4-4dd0-9d30-c89b873247ec}' -> 5
00:00:00.038895 main     AssertLogRel H:\vbox-6.1.36\src\VBox\Main\src-all\win\VBoxProxyStub.c(964) long __cdecl vbpsCreateRegKeyWithDefaultValueAAEx(struct VBPSREGSTATE *,struct HKEY__ *,const char *,const char *,struct HKEY__ **,unsigned int): VBPS_LOGREL_NO_ASSERT(rc == ERROR_ACCESS_DENIED)
00:00:00.038897 main     1582: create key '{20191216-f4f4-4dd0-9d30-c89b873247ec}'(/Default='IGuestMultiTouchEvent') -> 5
00:00:00.038936 main     AssertLogRel H:\vbox-6.1.36\src\VBox\Main\src-all\win\VBoxProxyStub.c(869) long __cdecl vbpsCreateRegKeyA(struct VBPSREGSTATE *,struct HKEY__ *,const char *,struct HKEY__ **,unsigned int): VBPS_LOGREL_NO_ASSERT(rc == ERROR_ACCESS_DENIED)
00:00:00.038939 main     1582: create key '{20191216-35f3-4f4d-b5bb-ed0ecefd8538}' -> 5
00:00:00.038941 main     AssertLogRel H:\vbox-6.1.36\src\VBox\Main\src-all\win\VBoxProxyStub.c(964) long __cdecl vbpsCreateRegKeyWithDefaultValueAAEx(struct VBPSREGSTATE *,struct HKEY__ *,const char *,const char *,struct HKEY__ **,unsigned int): VBPS_LOGREL_NO_ASSERT(rc == ERROR_ACCESS_DENIED)
00:00:00.038944 main     1582: create key '{20191216-35f3-4f4d-b5bb-ed0ecefd8538}'(/Default='IEventSource') -> 5
00:00:00.038993 main     AssertLogRel H:\vbox-6.1.36\src\VBox\Main\src-all\win\VBoxProxyStub.c(869) long __cdecl vbpsCreateRegKeyA(struct VBPSREGSTATE *,struct HKEY__ *,const char *,struct HKEY__ **,unsigned int): VBPS_LOGREL_NO_ASSERT(rc == ERROR_ACCESS_DENIED)
00:00:00.038997 main     1582: create key '{20191216-3ff2-4f2e-8f09-07382ee25088}' -> 5
00:00:00.038999 main     AssertLogRel H:\vbox-6.1.36\src\VBox\Main\src-all\win\VBoxProxyStub.c(964) long __cdecl vbpsCreateRegKeyWithDefaultValueAAEx(struct VBPSREGSTATE *,struct HKEY__ *,const char *,const char *,struct HKEY__ **,unsigned int): VBPS_LOGREL_NO_ASSERT(rc == ERROR_ACCESS_DENIED)
00:00:00.039002 main     1582: create key '{20191216-3ff2-4f2e-8f09-07382ee25088}'(/Default='IMachineRegisteredEvent') -> 5
00:00:00.039047 main     AssertLogRel H:\vbox-6.1.36\src\VBox\Main\src-all\win\VBoxProxyStub.c(869) long __cdecl vbpsCreateRegKeyA(struct VBPSREGSTATE *,struct HKEY__ *,const char *,struct HKEY__ **,unsigned int): VBPS_LOGREL_NO_ASSERT(rc == ERROR_ACCESS_DENIED)
00:00:00.039050 main     1582: create key '{20191216-b7f1-4a5a-a4ef-a11dd9c2a458}' -> 5
00:00:00.039052 main     AssertLogRel H:\vbox-6.1.36\src\VBox\Main\src-all\win\VBoxProxyStub.c(964) long __cdecl vbpsCreateRegKeyWithDefaultValueAAEx(struct VBPSREGSTATE *,struct HKEY__ *,const char *,const char *,struct HKEY__ **,unsigned int): VBPS_LOGREL_NO_ASSERT(rc == ERROR_ACCESS_DENIED)
00:00:00.039055 main     1582: create key '{20191216-b7f1-4a5a-a4ef-a11dd9c2a458}'(/Default='IMediumRegisteredEvent') -> 5
00:00:00.039098 main     AssertLogRel H:\vbox-6.1.36\src\VBox\Main\src-all\win\VBoxProxyStub.c(869) long __cdecl vbpsCreateRegKeyA(struct VBPSREGSTATE *,struct HKEY__ *,const char *,struct HKEY__ **,unsigned int): VBPS_LOGREL_NO_ASSERT(rc == ERROR_ACCESS_DENIED)
00:00:00.039101 main     1582: create key '{20191216-26f1-4edb-8dd2-6bddd0912368}' -> 5
00:00:00.039106 main     AssertLogRel H:\vbox-6.1.36\src\VBox\Main\src-all\win\VBoxProxyStub.c(964) long __cdecl vbpsCreateRegKeyWithDefaultValueAAEx(struct VBPSREGSTATE *,struct HKEY__ *,const char *,const char *,struct HKEY__ **,unsigned int): VBPS_LOGREL_NO_ASSERT(rc == ERROR_ACCESS_DENIED)
00:00:00.039110 main     1582: create key '{20191216-26f1-4edb-8dd2-6bddd0912368}'(/Default='IGuestPropertyChangedEvent') -> 5
00:00:00.039154 main     AssertLogRel H:\vbox-6.1.36\src\VBox\Main\src-all\win\VBoxProxyStub.c(869) long __cdecl vbpsCreateRegKeyA(struct VBPSREGSTATE *,struct HKEY__ *,const char *,struct HKEY__ **,unsigned int): VBPS_LOGREL_NO_ASSERT(rc == ERROR_ACCESS_DENIED)
00:00:00.039157 main     1582: create key '{20191216-d8ed-44cf-85ac-c83a26c95a4d}' -> 5
00:00:00.039160 main     AssertLogRel H:\vbox-6.1.36\src\VBox\Main\src-all\win\VBoxProxyStub.c(964) long __cdecl vbpsCreateRegKeyWithDefaultValueAAEx(struct VBPSREGSTATE *,struct HKEY__ *,const char *,const char *,struct HKEY__ **,unsigned int): VBPS_LOGREL_NO_ASSERT(rc == ERROR_ACCESS_DENIED)
00:00:00.039162 main     1582: create key '{20191216-d8ed-44cf-85ac-c83a26c95a4d}'(/Default='IToken') -> 5
00:00:00.039206 main     AssertLogRel H:\vbox-6.1.36\src\VBox\Main\src-all\win\VBoxProxyStub.c(869) long __cdecl vbpsCreateRegKeyA(struct VBPSREGSTATE *,struct HKEY__ *,const char *,struct HKEY__ **,unsigned int): VBPS_LOGREL_NO_ASSERT(rc == ERROR_ACCESS_DENIED)
00:00:00.039209 main     1582: create key '{20191216-c6ea-45b6-9d43-dc6f70cc9f02}' -> 5
00:00:00.039212 main     AssertLogRel H:\vbox-6.1.36\src\VBox\Main\src-all\win\VBoxProxyStub.c(964) long __cdecl vbpsCreateRegKeyWithDefaultValueAAEx(struct VBPSREGSTATE *,struct HKEY__ *,const char *,const char *,struct HKEY__ **,unsigned int): VBPS_LOGREL_NO_ASSERT(rc == ERROR_ACCESS_DENIED)
00:00:00.039214 main     1582: create key '{20191216-c6ea-45b6-9d43-dc6f70cc9f02}'(/Default='IGuestProcessRegisteredEvent') -> 5
00:00:00.039254 main     AssertLogRel H:\vbox-6.1.36\src\VBox\Main\src-all\win\VBoxProxyStub.c(869) long __cdecl vbpsCreateRegKeyA(struct VBPSREGSTATE *,struct HKEY__ *,const char *,struct HKEY__ **,unsigned int): VBPS_LOGREL_NO_ASSERT(rc == ERROR_ACCESS_DENIED)
00:00:00.039257 main     1582: create key '{20191216-c8e9-466b-9660-45cb3e9979e4}' -> 5
00:00:00.039259 main     AssertLogRel H:\vbox-6.1.36\src\VBox\Main\src-all\win\VBoxProxyStub.c(964) long __cdecl vbpsCreateRegKeyWithDefaultValueAAEx(struct VBPSREGSTATE *,struct HKEY__ *,const char *,const char *,struct HKEY__ **,unsigned int): VBPS_LOGREL_NO_ASSERT(rc == ERROR_ACCESS_DENIED)
00:00:00.039261 main     1582: create key '{20191216-c8e9-466b-9660-45cb3e9979e4}'(/Default='IExtPackManager') -> 5
00:00:00.039306 main     AssertLogRel H:\vbox-6.1.36\src\VBox\Main\src-all\win\VBoxProxyStub.c(869) long __cdecl vbpsCreateRegKeyA(struct VBPSREGSTATE *,struct HKEY__ *,const char *,struct HKEY__ **,unsigned int): VBPS_LOGREL_NO_ASSERT(rc == ERROR_ACCESS_DENIED)
00:00:00.039309 main     1582: create key '{20191216-30e8-447e-99cb-e31becae6ae4}' -> 5
00:00:00.039311 main     AssertLogRel H:\vbox-6.1.36\src\VBox\Main\src-all\win\VBoxProxyStub.c(964) long __cdecl vbpsCreateRegKeyWithDefaultValueAAEx(struct VBPSREGSTATE *,struct HKEY__ *,const char *,const char *,struct HKEY__ **,unsigned int): VBPS_LOGREL_NO_ASSERT(rc == ERROR_ACCESS_DENIED)
00:00:00.039314 main     1582: create key '{20191216-30e8-447e-99cb-e31becae6ae4}'(/Default='IProgress') -> 5
00:00:00.039358 main     AssertLogRel H:\vbox-6.1.36\src\VBox\Main\src-all\win\VBoxProxyStub.c(869) long __cdecl vbpsCreateRegKeyA(struct VBPSREGSTATE *,struct HKEY__ *,const char *,struct HKEY__ **,unsigned int): VBPS_LOGREL_NO_ASSERT(rc == ERROR_ACCESS_DENIED)
00:00:00.039361 main     1582: create key '{20191216-8ce7-469f-a4c2-6476f581ff72}' -> 5
00:00:00.039364 main     AssertLogRel H:\vbox-6.1.36\src\VBox\Main\src-all\win\VBoxProxyStub.c(964) long __cdecl vbpsCreateRegKeyWithDefaultValueAAEx(struct VBPSREGSTATE *,struct HKEY__ *,const char *,const char *,struct HKEY__ **,unsigned int): VBPS_LOGREL_NO_ASSERT(rc == ERROR_ACCESS_DENIED)
00:00:00.039397 main     1582: create key '{20191216-8ce7-469f-a4c2-6476f581ff72}'(/Default='IProgressTaskCompletedEvent') -> 5
00:00:00.039439 main     AssertLogRel H:\vbox-6.1.36\src\VBox\Main\src-all\win\VBoxProxyStub.c(869) long __cdecl vbpsCreateRegKeyA(struct VBPSREGSTATE *,struct HKEY__ *,const char *,struct HKEY__ **,unsigned int): VBPS_LOGREL_NO_ASSERT(rc == ERROR_ACCESS_DENIED)
00:00:00.039442 main     1582: create key '{20191216-32e7-4f6c-85ee-422304c71b90}' -> 5
00:00:00.039445 main     AssertLogRel H:\vbox-6.1.36\src\VBox\Main\src-all\win\VBoxProxyStub.c(964) long __cdecl vbpsCreateRegKeyWithDefaultValueAAEx(struct VBPSREGSTATE *,struct HKEY__ *,const char *,const char *,struct HKEY__ **,unsigned int): VBPS_LOGREL_NO_ASSERT(rc == ERROR_ACCESS_DENIED)
00:00:00.039447 main     1582: create key '{20191216-32e7-4f6c-85ee-422304c71b90}'(/Default='IEventListener') -> 5
00:00:00.039510 main     AssertLogRel H:\vbox-6.1.36\src\VBox\Main\src-all\win\VBoxProxyStub.c(869) long __cdecl vbpsCreateRegKeyA(struct VBPSREGSTATE *,struct HKEY__ *,const char *,struct HKEY__ **,unsigned int): VBPS_LOGREL_NO_ASSERT(rc == ERROR_ACCESS_DENIED)
00:00:00.039520 main     1582: create key '{20191216-3ee4-11e9-b872-cb9447aad965}' -> 5
00:00:00.039523 main     AssertLogRel H:\vbox-6.1.36\src\VBox\Main\src-all\win\VBoxProxyStub.c(964) long __cdecl vbpsCreateRegKeyWithDefaultValueAAEx(struct VBPSREGSTATE *,struct HKEY__ *,const char *,const char *,struct HKEY__ **,unsigned int): VBPS_LOGREL_NO_ASSERT(rc == ERROR_ACCESS_DENIED)
00:00:00.039527 main     1582: create key '{20191216-3ee4-11e9-b872-cb9447aad965}'(/Default='IVirtualSystemDescriptionForm') -> 5
00:00:00.039590 main     AssertLogRel H:\vbox-6.1.36\src\VBox\Main\src-all\win\VBoxProxyStub.c(869) long __cdecl vbpsCreateRegKeyA(struct VBPSREGSTATE *,struct HKEY__ *,const char *,struct HKEY__ **,unsigned int): VBPS_LOGREL_NO_ASSERT(rc == ERROR_ACCESS_DENIED)
00:00:00.039595 main     1582: create key '{20191216-80e1-4a8a-93a1-67c5f92a838a}' -> 5
00:00:00.039598 main     AssertLogRel H:\vbox-6.1.36\src\VBox\Main\src-all\win\VBoxProxyStub.c(964) long __cdecl vbpsCreateRegKeyWithDefaultValueAAEx(struct VBPSREGSTATE *,struct HKEY__ *,const char *,const char *,struct HKEY__ **,unsigned int): VBPS_LOGREL_NO_ASSERT(rc == ERROR_ACCESS_DENIED)
00:00:00.039602 main     1582: create key '{20191216-80e1-4a8a-93a1-67c5f92a838a}'(/Default='ICertificate') -> 5
00:00:00.039858 main     AssertLogRel H:\vbox-6.1.36\src\VBox\Main\src-all\win\VBoxProxyStub.c(869) long __cdecl vbpsCreateRegKeyA(struct VBPSREGSTATE *,struct HKEY__ *,const char *,struct HKEY__ **,unsigned int): VBPS_LOGREL_NO_ASSERT(rc == ERROR_ACCESS_DENIED)
00:00:00.039864 main     1582: create key '{20191216-44e0-ca69-e9e0-d4907ceccbe5}' -> 5
00:00:00.039866 main     AssertLogRel H:\vbox-6.1.36\src\VBox\Main\src-all\win\VBoxProxyStub.c(964) long __cdecl vbpsCreateRegKeyWithDefaultValueAAEx(struct VBPSREGSTATE *,struct HKEY__ *,const char *,const char *,struct HKEY__ **,unsigned int): VBPS_LOGREL_NO_ASSERT(rc == ERROR_ACCESS_DENIED)
00:00:00.039869 main     1582: create key '{20191216-44e0-ca69-e9e0-d4907ceccbe5}'(/Default='IGuestFsObjInfo') -> 5
00:00:00.039923 main     AssertLogRel H:\vbox-6.1.36\src\VBox\Main\src-all\win\VBoxProxyStub.c(869) long __cdecl vbpsCreateRegKeyA(struct VBPSREGSTATE *,struct HKEY__ *,const char *,struct HKEY__ **,unsigned int): VBPS_LOGREL_NO_ASSERT(rc == ERROR_ACCESS_DENIED)
00:00:00.039928 main     1582: create key '{20191216-aedf-461c-be2c-99e91bdad8a1}' -> 5
00:00:00.039931 main     AssertLogRel H:\vbox-6.1.36\src\VBox\Main\src-all\win\VBoxProxyStub.c(964) long __cdecl vbpsCreateRegKeyWithDefaultValueAAEx(struct VBPSREGSTATE *,struct HKEY__ *,const char *,const char *,struct HKEY__ **,unsigned int): VBPS_LOGREL_NO_ASSERT(rc == ERROR_ACCESS_DENIED)
00:00:00.039935 main     1582: create key '{20191216-aedf-461c-be2c-99e91bdad8a1}'(/Default='IHostUSBDeviceFilter') -> 5
00:00:00.039984 main     AssertLogRel H:\vbox-6.1.36\src\VBox\Main\src-all\win\VBoxProxyStub.c(869) long __cdecl vbpsCreateRegKeyA(struct VBPSREGSTATE *,struct HKEY__ *,const char *,struct HKEY__ **,unsigned int): VBPS_LOGREL_NO_ASSERT(rc == ERROR_ACCESS_DENIED)
00:00:00.039992 main     1582: create key '{20191216-48df-438d-85eb-98ffd70d18c9}' -> 5
00:00:00.039995 main     AssertLogRel H:\vbox-6.1.36\src\VBox\Main\src-all\win\VBoxProxyStub.c(964) long __cdecl vbpsCreateRegKeyWithDefaultValueAAEx(struct VBPSREGSTATE *,struct HKEY__ *,const char *,const char *,struct HKEY__ **,unsigned int): VBPS_LOGREL_NO_ASSERT(rc == ERROR_ACCESS_DENIED)
00:00:00.039998 main     1582: create key '{20191216-48df-438d-85eb-98ffd70d18c9}'(/Default='IMachineStateChangedEvent') -> 5
00:00:00.040036 main     AssertLogRel H:\vbox-6.1.36\src\VBox\Main\src-all\win\VBoxProxyStub.c(869) long __cdecl vbpsCreateRegKeyA(struct VBPSREGSTATE *,struct HKEY__ *,const char *,struct HKEY__ **,unsigned int): VBPS_LOGREL_NO_ASSERT(rc == ERROR_ACCESS_DENIED)
00:00:00.040039 main     1582: create key '{20191216-44de-1653-b717-2ebf0ca9b664}' -> 5
00:00:00.040042 main     AssertLogRel H:\vbox-6.1.36\src\VBox\Main\src-all\win\VBoxProxyStub.c(964) long __cdecl vbpsCreateRegKeyWithDefaultValueAAEx(struct VBPSREGSTATE *,struct HKEY__ *,const char *,const char *,struct HKEY__ **,unsigned int): VBPS_LOGREL_NO_ASSERT(rc == ERROR_ACCESS_DENIED)
00:00:00.040044 main     1582: create key '{20191216-44de-1653-b717-2ebf0ca9b664}'(/Default='IGuestFile') -> 5
00:00:00.040084 main     AssertLogRel H:\vbox-6.1.36\src\VBox\Main\src-all\win\VBoxProxyStub.c(869) long __cdecl vbpsCreateRegKeyA(struct VBPSREGSTATE *,struct HKEY__ *,const char *,struct HKEY__ **,unsigned int): VBPS_LOGREL_NO_ASSERT(rc == ERROR_ACCESS_DENIED)
00:00:00.040088 main     1582: create key '{20191216-7bdc-11e9-8bc2-8ffdb8b19219}' -> 5
00:00:00.040090 main     AssertLogRel H:\vbox-6.1.36\src\VBox\Main\src-all\win\VBoxProxyStub.c(964) long __cdecl vbpsCreateRegKeyWithDefaultValueAAEx(struct VBPSREGSTATE *,struct HKEY__ *,const char *,const char *,struct HKEY__ **,unsigned int): VBPS_LOGREL_NO_ASSERT(rc == ERROR_ACCESS_DENIED)
00:00:00.040093 main     1582: create key '{20191216-7bdc-11e9-8bc2-8ffdb8b19219}'(/Default='IRangedIntegerFormValue') -> 5
00:00:00.040142 main     AssertLogRel H:\vbox-6.1.36\src\VBox\Main\src-all\win\VBoxProxyStub.c(869) long __cdecl vbpsCreateRegKeyA(struct VBPSREGSTATE *,struct HKEY__ *,const char *,struct HKEY__ **,unsigned int): VBPS_LOGREL_NO_ASSERT(rc == ERROR_ACCESS_DENIED)
00:00:00.040146 main     1582: create key '{20191216-5fdc-4aba-aff5-6a39bbd7c38b}' -> 5
00:00:00.040148 main     AssertLogRel H:\vbox-6.1.36\src\VBox\Main\src-all\win\VBoxProxyStub.c(964) long __cdecl vbpsCreateRegKeyWithDefaultValueAAEx(struct VBPSREGSTATE *,struct HKEY__ *,const char *,const char *,struct HKEY__ **,unsigned int): VBPS_LOGREL_NO_ASSERT(rc == ERROR_ACCESS_DENIED)
00:00:00.040150 main     1582: create key '{20191216-5fdc-4aba-aff5-6a39bbd7c38b}'(/Default='IHost') -> 5
00:00:00.040198 main     AssertLogRel H:\vbox-6.1.36\src\VBox\Main\src-all\win\VBoxProxyStub.c(869) long __cdecl vbpsCreateRegKeyA(struct VBPSREGSTATE *,struct HKEY__ *,const char *,struct HKEY__ **,unsigned int): VBPS_LOGREL_NO_ASSERT(rc == ERROR_ACCESS_DENIED)
00:00:00.040201 main     1582: create key '{20191216-e5db-4d2c-baaa-c71053a6236d}' -> 5
00:00:00.040203 main     AssertLogRel H:\vbox-6.1.36\src\VBox\Main\src-all\win\VBoxProxyStub.c(964) long __cdecl vbpsCreateRegKeyWithDefaultValueAAEx(struct VBPSREGSTATE *,struct HKEY__ *,const char *,const char *,struct HKEY__ **,unsigned int): VBPS_LOGREL_NO_ASSERT(rc == ERROR_ACCESS_DENIED)
00:00:00.040206 main     1582: create key '{20191216-e5db-4d2c-baaa-c71053a6236d}'(/Default='IGuestOSType') -> 5
00:00:00.040247 main     AssertLogRel H:\vbox-6.1.36\src\VBox\Main\src-all\win\VBoxProxyStub.c(869) long __cdecl vbpsCreateRegKeyA(struct VBPSREGSTATE *,struct HKEY__ *,const char *,struct HKEY__ **,unsigned int): VBPS_LOGREL_NO_ASSERT(rc == ERROR_ACCESS_DENIED)
00:00:00.040250 main     1582: create key '{20191216-b7db-4616-aac6-cfb94d89ba78}' -> 5
00:00:00.040255 main     AssertLogRel H:\vbox-6.1.36\src\VBox\Main\src-all\win\VBoxProxyStub.c(964) long __cdecl vbpsCreateRegKeyWithDefaultValueAAEx(struct VBPSREGSTATE *,struct HKEY__ *,const char *,const char *,struct HKEY__ **,unsigned int): VBPS_LOGREL_NO_ASSERT(rc == ERROR_ACCESS_DENIED)
00:00:00.040258 main     1582: create key '{20191216-b7db-4616-aac6-cfb94d89ba78}'(/Default='IGuestProcessInputNotifyEvent') -> 5
00:00:00.040315 main     AssertLogRel H:\vbox-6.1.36\src\VBox\Main\src-all\win\VBoxProxyStub.c(869) long __cdecl vbpsCreateRegKeyA(struct VBPSREGSTATE *,struct HKEY__ *,const char *,struct HKEY__ **,unsigned int): VBPS_LOGREL_NO_ASSERT(rc == ERROR_ACCESS_DENIED)
00:00:00.040318 main     1582: create key '{20191216-42da-c94b-8aec-21968e08355d}' -> 5
00:00:00.040320 main     AssertLogRel H:\vbox-6.1.36\src\VBox\Main\src-all\win\VBoxProxyStub.c(964) long __cdecl vbpsCreateRegKeyWithDefaultValueAAEx(struct VBPSREGSTATE *,struct HKEY__ *,const char *,const char *,struct HKEY__ **,unsigned int): VBPS_LOGREL_NO_ASSERT(rc == ERROR_ACCESS_DENIED)
00:00:00.040322 main     1582: create key '{20191216-42da-c94b-8aec-21968e08355d}'(/Default='IDnDSource') -> 5
00:00:00.040580 main     AssertLogRel H:\vbox-6.1.36\src\VBox\Main\src-all\win\VBoxProxyStub.c(869) long __cdecl vbpsCreateRegKeyA(struct VBPSREGSTATE *,struct HKEY__ *,const char *,struct HKEY__ **,unsigned int): VBPS_LOGREL_NO_ASSERT(rc == ERROR_ACCESS_DENIED)
00:00:00.040592 main     1582: create key '{20191216-07da-41ec-ac4a-3dd99db35594}' -> 5
00:00:00.040596 main     AssertLogRel H:\vbox-6.1.36\src\VBox\Main\src-all\win\VBoxProxyStub.c(964) long __cdecl vbpsCreateRegKeyWithDefaultValueAAEx(struct VBPSREGSTATE *,struct HKEY__ *,const char *,const char *,struct HKEY__ **,unsigned int): VBPS_LOGREL_NO_ASSERT(rc == ERROR_ACCESS_DENIED)
00:00:00.040599 main     1582: create key '{20191216-07da-41ec-ac4a-3dd99db35594}'(/Default='ICloudProvider') -> 5
00:00:00.040690 main     AssertLogRel H:\vbox-6.1.36\src\VBox\Main\src-all\win\VBoxProxyStub.c(869) long __cdecl vbpsCreateRegKeyA(struct VBPSREGSTATE *,struct HKEY__ *,const char *,struct HKEY__ **,unsigned int): VBPS_LOGREL_NO_ASSERT(rc == ERROR_ACCESS_DENIED)
00:00:00.040698 main     1582: create key '{20191216-61d9-4940-a084-e6bb29af3d83}' -> 5
00:00:00.040701 main     AssertLogRel H:\vbox-6.1.36\src\VBox\Main\src-all\win\VBoxProxyStub.c(964) long __cdecl vbpsCreateRegKeyWithDefaultValueAAEx(struct VBPSREGSTATE *,struct HKEY__ *,const char *,const char *,struct HKEY__ **,unsigned int): VBPS_LOGREL_NO_ASSERT(rc == ERROR_ACCESS_DENIED)
00:00:00.040704 main     1582: create key '{20191216-61d9-4940-a084-e6bb29af3d83}'(/Default='IUSBControllerChangedEvent') -> 5
00:00:00.040756 main     AssertLogRel H:\vbox-6.1.36\src\VBox\Main\src-all\win\VBoxProxyStub.c(869) long __cdecl vbpsCreateRegKeyA(struct VBPSREGSTATE *,struct HKEY__ *,const char *,struct HKEY__ **,unsigned int): VBPS_LOGREL_NO_ASSERT(rc == ERROR_ACCESS_DENIED)
00:00:00.040759 main     1582: create key '{20191216-58d9-43ae-8b03-c1fd7088ef15}' -> 5
00:00:00.040762 main     AssertLogRel H:\vbox-6.1.36\src\VBox\Main\src-all\win\VBoxProxyStub.c(964) long __cdecl vbpsCreateRegKeyWithDefaultValueAAEx(struct VBPSREGSTATE *,struct HKEY__ *,const char *,const char *,struct HKEY__ **,unsigned int): VBPS_LOGREL_NO_ASSERT(rc == ERROR_ACCESS_DENIED)
00:00:00.040764 main     1582: create key '{20191216-58d9-43ae-8b03-c1fd7088ef15}'(/Default='IDataStream') -> 5
00:00:00.040806 main     AssertLogRel H:\vbox-6.1.36\src\VBox\Main\src-all\win\VBoxProxyStub.c(869) long __cdecl vbpsCreateRegKeyA(struct VBPSREGSTATE *,struct HKEY__ *,const char *,struct HKEY__ **,unsigned int): VBPS_LOGREL_NO_ASSERT(rc == ERROR_ACCESS_DENIED)
00:00:00.040810 main     1582: create key '{20191216-c9d6-4742-957c-a6fd52e8c4ae}' -> 5
00:00:00.040812 main     AssertLogRel H:\vbox-6.1.36\src\VBox\Main\src-all\win\VBoxProxyStub.c(964) long __cdecl vbpsCreateRegKeyWithDefaultValueAAEx(struct VBPSREGSTATE *,struct HKEY__ *,const char *,const char *,struct HKEY__ **,unsigned int): VBPS_LOGREL_NO_ASSERT(rc == ERROR_ACCESS_DENIED)
00:00:00.040819 main     1582: create key '{20191216-c9d6-4742-957c-a6fd52e8c4ae}'(/Default='IBandwidthControl') -> 5
00:00:00.040868 main     AssertLogRel H:\vbox-6.1.36\src\VBox\Main\src-all\win\VBoxProxyStub.c(869) long __cdecl vbpsCreateRegKeyA(struct VBPSREGSTATE *,struct HKEY__ *,const char *,struct HKEY__ **,unsigned int): VBPS_LOGREL_NO_ASSERT(rc == ERROR_ACCESS_DENIED)
00:00:00.040872 main     1582: create key '{20191216-f6d4-4ab6-9cbf-558eb8959a6a}' -> 5
00:00:00.040875 main     AssertLogRel H:\vbox-6.1.36\src\VBox\Main\src-all\win\VBoxProxyStub.c(964) long __cdecl vbpsCreateRegKeyWithDefaultValueAAEx(struct VBPSREGSTATE *,struct HKEY__ *,const char *,const char *,struct HKEY__ **,unsigned int): VBPS_LOGREL_NO_ASSERT(rc == ERROR_ACCESS_DENIED)
00:00:00.040877 main     1582: create key '{20191216-f6d4-4ab6-9cbf-558eb8959a6a}'(/Default='IEventSourceChangedEvent') -> 5
00:00:00.040917 main     AssertLogRel H:\vbox-6.1.36\src\VBox\Main\src-all\win\VBoxProxyStub.c(869) long __cdecl vbpsCreateRegKeyA(struct VBPSREGSTATE *,struct HKEY__ *,const char *,struct HKEY__ **,unsigned int): VBPS_LOGREL_NO_ASSERT(rc == ERROR_ACCESS_DENIED)
00:00:00.040921 main     1582: create key '{20191216-dad4-4496-85cf-3f76bcb3b5fa}' -> 5
00:00:00.040923 main     AssertLogRel H:\vbox-6.1.36\src\VBox\Main\src-all\win\VBoxProxyStub.c(964) long __cdecl vbpsCreateRegKeyWithDefaultValueAAEx(struct VBPSREGSTATE *,struct HKEY__ *,const char *,const char *,struct HKEY__ **,unsigned int): VBPS_LOGREL_NO_ASSERT(rc == ERROR_ACCESS_DENIED)
00:00:00.040926 main     1582: create key '{20191216-dad4-4496-85cf-3f76bcb3b5fa}'(/Default='ISnapshot') -> 5
00:00:00.040970 main     AssertLogRel H:\vbox-6.1.36\src\VBox\Main\src-all\win\VBoxProxyStub.c(869) long __cdecl vbpsCreateRegKeyA(struct VBPSREGSTATE *,struct HKEY__ *,const char *,struct HKEY__ **,unsigned int): VBPS_LOGREL_NO_ASSERT(rc == ERROR_ACCESS_DENIED)
00:00:00.040974 main     1582: create key '{20191216-2fd3-47e2-a5dc-2c2431d833cc}' -> 5
00:00:00.040976 main     AssertLogRel H:\vbox-6.1.36\src\VBox\Main\src-all\win\VBoxProxyStub.c(964) long __cdecl vbpsCreateRegKeyWithDefaultValueAAEx(struct VBPSREGSTATE *,struct HKEY__ *,const char *,const char *,struct HKEY__ **,unsigned int): VBPS_LOGREL_NO_ASSERT(rc == ERROR_ACCESS_DENIED)
00:00:00.040979 main     1582: create key '{20191216-2fd3-47e2-a5dc-2c2431d833cc}'(/Default='IVFSExplorer') -> 5
00:00:00.041017 main     AssertLogRel H:\vbox-6.1.36\src\VBox\Main\src-all\win\VBoxProxyStub.c(869) long __cdecl vbpsCreateRegKeyA(struct VBPSREGSTATE *,struct HKEY__ *,const char *,struct HKEY__ **,unsigned int): VBPS_LOGREL_NO_ASSERT(rc == ERROR_ACCESS_DENIED)
00:00:00.041021 main     1582: create key '{20191216-23d0-430a-a7ff-7ed7f05534bc}' -> 5
00:00:00.041023 main     AssertLogRel H:\vbox-6.1.36\src\VBox\Main\src-all\win\VBoxProxyStub.c(964) long __cdecl vbpsCreateRegKeyWithDefaultValueAAEx(struct VBPSREGSTATE *,struct HKEY__ *,const char *,const char *,struct HKEY__ **,unsigned int): VBPS_LOGREL_NO_ASSERT(rc == ERROR_ACCESS_DENIED)
00:00:00.041026 main     1582: create key '{20191216-23d0-430a-a7ff-7ed7f05534bc}'(/Default='INATNetworkPortForwardEvent') -> 5
00:00:00.041087 main     AssertLogRel H:\vbox-6.1.36\src\VBox\Main\src-all\win\VBoxProxyStub.c(869) long __cdecl vbpsCreateRegKeyA(struct VBPSREGSTATE *,struct HKEY__ *,const char *,struct HKEY__ **,unsigned int): VBPS_LOGREL_NO_ASSERT(rc == ERROR_ACCESS_DENIED)
00:00:00.041091 main     1582: create key '{20191216-04d0-4db6-8d66-dc2f033120e1}' -> 5
00:00:00.041093 main     AssertLogRel H:\vbox-6.1.36\src\VBox\Main\src-all\win\VBoxProxyStub.c(964) long __cdecl vbpsCreateRegKeyWithDefaultValueAAEx(struct VBPSREGSTATE *,struct HKEY__ *,const char *,const char *,struct HKEY__ **,unsigned int): VBPS_LOGREL_NO_ASSERT(rc == ERROR_ACCESS_DENIED)
00:00:00.041096 main     1582: create key '{20191216-04d0-4db6-8d66-dc2f033120e1}'(/Default='IAudioAdapterChangedEvent') -> 5
00:00:00.041145 main     AssertLogRel H:\vbox-6.1.36\src\VBox\Main\src-all\win\VBoxProxyStub.c(869) long __cdecl vbpsCreateRegKeyA(struct VBPSREGSTATE *,struct HKEY__ *,const char *,struct HKEY__ **,unsigned int): VBPS_LOGREL_NO_ASSERT(rc == ERROR_ACCESS_DENIED)
00:00:00.041178 main     1582: create key '{20191216-1bcf-4218-9807-04e036cc70f1}' -> 5
00:00:00.041182 main     AssertLogRel H:\vbox-6.1.36\src\VBox\Main\src-all\win\VBoxProxyStub.c(964) long __cdecl vbpsCreateRegKeyWithDefaultValueAAEx(struct VBPSREGSTATE *,struct HKEY__ *,const char *,const char *,struct HKEY__ **,unsigned int): VBPS_LOGREL_NO_ASSERT(rc == ERROR_ACCESS_DENIED)
00:00:00.041185 main     1582: create key '{20191216-1bcf-4218-9807-04e036cc70f1}'(/Default='IProgressPercentageChangedEvent') -> 5
00:00:00.041237 main     AssertLogRel H:\vbox-6.1.36\src\VBox\Main\src-all\win\VBoxProxyStub.c(869) long __cdecl vbpsCreateRegKeyA(struct VBPSREGSTATE *,struct HKEY__ *,const char *,struct HKEY__ **,unsigned int): VBPS_LOGREL_NO_ASSERT(rc == ERROR_ACCESS_DENIED)
00:00:00.041241 main     1582: create key '{20191216-92c9-4a77-9d35-e058b39fe0b9}' -> 5
00:00:00.041243 main     AssertLogRel H:\vbox-6.1.36\src\VBox\Main\src-all\win\VBoxProxyStub.c(964) long __cdecl vbpsCreateRegKeyWithDefaultValueAAEx(struct VBPSREGSTATE *,struct HKEY__ *,const char *,const char *,struct HKEY__ **,unsigned int): VBPS_LOGREL_NO_ASSERT(rc == ERROR_ACCESS_DENIED)
00:00:00.041245 main     1582: create key '{20191216-92c9-4a77-9d35-e058b39fe0b9}'(/Default='ICanShowWindowEvent') -> 5
00:00:00.041288 main     AssertLogRel H:\vbox-6.1.36\src\VBox\Main\src-all\win\VBoxProxyStub.c(869) long __cdecl vbpsCreateRegKeyA(struct VBPSREGSTATE *,struct HKEY__ *,const char *,struct HKEY__ **,unsigned int): VBPS_LOGREL_NO_ASSERT(rc == ERROR_ACCESS_DENIED)
00:00:00.041291 main     1582: create key '{20191216-47c7-4a3f-aae1-1b516817db41}' -> 5
00:00:00.041293 main     AssertLogRel H:\vbox-6.1.36\src\VBox\Main\src-all\win\VBoxProxyStub.c(964) long __cdecl vbpsCreateRegKeyWithDefaultValueAAEx(struct VBPSREGSTATE *,struct HKEY__ *,const char *,const char *,struct HKEY__ **,unsigned int): VBPS_LOGREL_NO_ASSERT(rc == ERROR_ACCESS_DENIED)
00:00:00.041296 main     1582: create key '{20191216-47c7-4a3f-aae1-1b516817db41}'(/Default='IRecordingSettings') -> 5
00:00:00.041343 main     AssertLogRel H:\vbox-6.1.36\src\VBox\Main\src-all\win\VBoxProxyStub.c(869) long __cdecl vbpsCreateRegKeyA(struct VBPSREGSTATE *,struct HKEY__ *,const char *,struct HKEY__ **,unsigned int): VBPS_LOGREL_NO_ASSERT(rc == ERROR_ACCESS_DENIED)
00:00:00.041346 main     1582: create key '{20191216-1ec6-4883-801d-77f56cfd0103}' -> 5
00:00:00.041348 main     AssertLogRel H:\vbox-6.1.36\src\VBox\Main\src-all\win\VBoxProxyStub.c(964) long __cdecl vbpsCreateRegKeyWithDefaultValueAAEx(struct VBPSREGSTATE *,struct HKEY__ *,const char *,const char *,struct HKEY__ **,unsigned int): VBPS_LOGREL_NO_ASSERT(rc == ERROR_ACCESS_DENIED)
00:00:00.041351 main     1582: create key '{20191216-1ec6-4883-801d-77f56cfd0103}'(/Default='INetworkAdapterChangedEvent') -> 5
00:00:00.041397 main     AssertLogRel H:\vbox-6.1.36\src\VBox\Main\src-all\win\VBoxProxyStub.c(869) long __cdecl vbpsCreateRegKeyA(struct VBPSREGSTATE *,struct HKEY__ *,const char *,struct HKEY__ **,unsigned int): VBPS_LOGREL_NO_ASSERT(rc == ERROR_ACCESS_DENIED)
00:00:00.041401 main     1582: create key '{20191216-f4c4-4020-a185-0d2881bcfa8b}' -> 5
00:00:00.041404 main     AssertLogRel H:\vbox-6.1.36\src\VBox\Main\src-all\win\VBoxProxyStub.c(964) long __cdecl vbpsCreateRegKeyWithDefaultValueAAEx(struct VBPSREGSTATE *,struct HKEY__ *,const char *,const char *,struct HKEY__ **,unsigned int): VBPS_LOGREL_NO_ASSERT(rc == ERROR_ACCESS_DENIED)
00:00:00.041406 main     1582: create key '{20191216-f4c4-4020-a185-0d2881bcfa8b}'(/Default='IDHCPGlobalConfig') -> 5
00:00:00.041449 main     AssertLogRel H:\vbox-6.1.36\src\VBox\Main\src-all\win\VBoxProxyStub.c(869) long __cdecl vbpsCreateRegKeyA(struct VBPSREGSTATE *,struct HKEY__ *,const char *,struct HKEY__ **,unsigned int): VBPS_LOGREL_NO_ASSERT(rc == ERROR_ACCESS_DENIED)
00:00:00.041452 main     1582: create key '{20191216-00c2-4484-0077-c057003d9c90}' -> 5
00:00:00.041474 main     AssertLogRel H:\vbox-6.1.36\src\VBox\Main\src-all\win\VBoxProxyStub.c(964) long __cdecl vbpsCreateRegKeyWithDefaultValueAAEx(struct VBPSREGSTATE *,struct HKEY__ *,const char *,const char *,struct HKEY__ **,unsigned int): VBPS_LOGREL_NO_ASSERT(rc == ERROR_ACCESS_DENIED)
00:00:00.041478 main     1582: create key '{20191216-00c2-4484-0077-c057003d9c90}'(/Default='IInternalMachineControl') -> 5
00:00:00.041522 main     AssertLogRel H:\vbox-6.1.36\src\VBox\Main\src-all\win\VBoxProxyStub.c(869) long __cdecl vbpsCreateRegKeyA(struct VBPSREGSTATE *,struct HKEY__ *,const char *,struct HKEY__ **,unsigned int): VBPS_LOGREL_NO_ASSERT(rc == ERROR_ACCESS_DENIED)
00:00:00.041526 main     1582: create key '{20191216-1ec0-4c0f-857f-fbe2a737a256}' -> 5
00:00:00.041528 main     AssertLogRel H:\vbox-6.1.36\src\VBox\Main\src-all\win\VBoxProxyStub.c(964) long __cdecl vbpsCreateRegKeyWithDefaultValueAAEx(struct VBPSREGSTATE *,struct HKEY__ *,const char *,const char *,struct HKEY__ **,unsigned int): VBPS_LOGREL_NO_ASSERT(rc == ERROR_ACCESS_DENIED)
00:00:00.041530 main     1582: create key '{20191216-1ec0-4c0f-857f-fbe2a737a256}'(/Default='IGuestUserStateChangedEvent') -> 5
00:00:00.041569 main     AssertLogRel H:\vbox-6.1.36\src\VBox\Main\src-all\win\VBoxProxyStub.c(869) long __cdecl vbpsCreateRegKeyA(struct VBPSREGSTATE *,struct HKEY__ *,const char *,struct HKEY__ **,unsigned int): VBPS_LOGREL_NO_ASSERT(rc == ERROR_ACCESS_DENIED)
00:00:00.041573 main     1582: create key '{20191216-febe-4049-b476-1292a8e45b09}' -> 5
00:00:00.041575 main     AssertLogRel H:\vbox-6.1.36\src\VBox\Main\src-all\win\VBoxProxyStub.c(964) long __cdecl vbpsCreateRegKeyWithDefaultValueAAEx(struct VBPSREGSTATE *,struct HKEY__ *,const char *,const char *,struct HKEY__ **,unsigned int): VBPS_LOGREL_NO_ASSERT(rc == ERROR_ACCESS_DENIED)
00:00:00.041577 main     1582: create key '{20191216-febe-4049-b476-1292a8e45b09}'(/Default='IGraphicsAdapter') -> 5
00:00:00.041620 main     AssertLogRel H:\vbox-6.1.36\src\VBox\Main\src-all\win\VBoxProxyStub.c(869) long __cdecl vbpsCreateRegKeyA(struct VBPSREGSTATE *,struct HKEY__ *,const char *,struct HKEY__ **,unsigned int): VBPS_LOGREL_NO_ASSERT(rc == ERROR_ACCESS_DENIED)
00:00:00.041623 main     1582: create key '{20191216-eabd-4fa6-960a-f1756c99ea1c}' -> 5
00:00:00.041626 main     AssertLogRel H:\vbox-6.1.36\src\VBox\Main\src-all\win\VBoxProxyStub.c(964) long __cdecl vbpsCreateRegKeyWithDefaultValueAAEx(struct VBPSREGSTATE *,struct HKEY__ *,const char *,const char *,struct HKEY__ **,unsigned int): VBPS_LOGREL_NO_ASSERT(rc == ERROR_ACCESS_DENIED)
00:00:00.041628 main     1582: create key '{20191216-eabd-4fa6-960a-f1756c99ea1c}'(/Default='IGuestSessionRegisteredEvent') -> 5
00:00:00.041681 main     AssertLogRel H:\vbox-6.1.36\src\VBox\Main\src-all\win\VBoxProxyStub.c(869) long __cdecl vbpsCreateRegKeyA(struct VBPSREGSTATE *,struct HKEY__ *,const char *,struct HKEY__ **,unsigned int): VBPS_LOGREL_NO_ASSERT(rc == ERROR_ACCESS_DENIED)
00:00:00.041685 main     1582: create key '{20191216-e9bb-49b3-bfc7-c5171e93ef38}' -> 5
00:00:00.041687 main     AssertLogRel H:\vbox-6.1.36\src\VBox\Main\src-all\win\VBoxProxyStub.c(964) long __cdecl vbpsCreateRegKeyWithDefaultValueAAEx(struct VBPSREGSTATE *,struct HKEY__ *,const char *,const char *,struct HKEY__ **,unsigned int): VBPS_LOGREL_NO_ASSERT(rc == ERROR_ACCESS_DENIED)
00:00:00.041690 main     1582: create key '{20191216-e9bb-49b3-bfc7-c5171e93ef38}'(/Default='IGuestProcessIOEvent') -> 5
00:00:00.041730 main     AssertLogRel H:\vbox-6.1.36\src\VBox\Main\src-all\win\VBoxProxyStub.c(869) long __cdecl vbpsCreateRegKeyA(struct VBPSREGSTATE *,struct HKEY__ *,const char *,struct HKEY__ **,unsigned int): VBPS_LOGREL_NO_ASSERT(rc == ERROR_ACCESS_DENIED)
00:00:00.041733 main     1582: create key '{20191216-b5bb-4316-a900-5eb28d3413df}' -> 5
00:00:00.041735 main     AssertLogRel H:\vbox-6.1.36\src\VBox\Main\src-all\win\VBoxProxyStub.c(964) long __cdecl vbpsCreateRegKeyWithDefaultValueAAEx(struct VBPSREGSTATE *,struct HKEY__ *,const char *,const char *,struct HKEY__ **,unsigned int): VBPS_LOGREL_NO_ASSERT(rc == ERROR_ACCESS_DENIED)
00:00:00.041739 main     1582: create key '{20191216-b5bb-4316-a900-5eb28d3413df}'(/Default='IMachine') -> 5
00:00:00.041792 main     AssertLogRel H:\vbox-6.1.36\src\VBox\Main\src-all\win\VBoxProxyStub.c(869) long __cdecl vbpsCreateRegKeyA(struct VBPSREGSTATE *,struct HKEY__ *,const char *,struct HKEY__ **,unsigned int): VBPS_LOGREL_NO_ASSERT(rc == ERROR_ACCESS_DENIED)
00:00:00.041797 main     1582: create key '{20191216-e8b8-4838-b10c-45ba193734c1}' -> 5
00:00:00.041800 main     AssertLogRel H:\vbox-6.1.36\src\VBox\Main\src-all\win\VBoxProxyStub.c(964) long __cdecl vbpsCreateRegKeyWithDefaultValueAAEx(struct VBPSREGSTATE *,struct HKEY__ *,const char *,const char *,struct HKEY__ **,unsigned int): VBPS_LOGREL_NO_ASSERT(rc == ERROR_ACCESS_DENIED)
00:00:00.041804 main     1582: create key '{20191216-e8b8-4838-b10c-45ba193734c1}'(/Default='IMouse') -> 5
00:00:00.041856 main     AssertLogRel H:\vbox-6.1.36\src\VBox\Main\src-all\win\VBoxProxyStub.c(869) long __cdecl vbpsCreateRegKeyA(struct VBPSREGSTATE *,struct HKEY__ *,const char *,struct HKEY__ **,unsigned int): VBPS_LOGREL_NO_ASSERT(rc == ERROR_ACCESS_DENIED)
00:00:00.041862 main     1582: create key '{20191216-34b8-42d3-acfb-7e96daf77c22}' -> 5
00:00:00.041866 main     AssertLogRel H:\vbox-6.1.36\src\VBox\Main\src-all\win\VBoxProxyStub.c(964) long __cdecl vbpsCreateRegKeyWithDefaultValueAAEx(struct VBPSREGSTATE *,struct HKEY__ *,const char *,const char *,struct HKEY__ **,unsigned int): VBPS_LOGREL_NO_ASSERT(rc == ERROR_ACCESS_DENIED)
00:00:00.041870 main     1582: create key '{20191216-34b8-42d3-acfb-7e96daf77c22}'(/Default='ISnapshotEvent') -> 5
00:00:00.041923 main     AssertLogRel H:\vbox-6.1.36\src\VBox\Main\src-all\win\VBoxProxyStub.c(869) long __cdecl vbpsCreateRegKeyA(struct VBPSREGSTATE *,struct HKEY__ *,const char *,struct HKEY__ **,unsigned int): VBPS_LOGREL_NO_ASSERT(rc == ERROR_ACCESS_DENIED)
00:00:00.041929 main     1582: create key '{20191216-f7b7-4b05-900e-2a9253c00f51}' -> 5
00:00:00.041932 main     AssertLogRel H:\vbox-6.1.36\src\VBox\Main\src-all\win\VBoxProxyStub.c(964) long __cdecl vbpsCreateRegKeyWithDefaultValueAAEx(struct VBPSREGSTATE *,struct HKEY__ *,const char *,const char *,struct HKEY__ **,unsigned int): VBPS_LOGREL_NO_ASSERT(rc == ERROR_ACCESS_DENIED)
00:00:00.041935 main     1582: create key '{20191216-f7b7-4b05-900e-2a9253c00f51}'(/Default='ICloudProfile') -> 5
00:00:00.041987 main     AssertLogRel H:\vbox-6.1.36\src\VBox\Main\src-all\win\VBoxProxyStub.c(869) long __cdecl vbpsCreateRegKeyA(struct VBPSREGSTATE *,struct HKEY__ *,const char *,struct HKEY__ **,unsigned int): VBPS_LOGREL_NO_ASSERT(rc == ERROR_ACCESS_DENIED)
00:00:00.041992 main     1582: create key '{20191216-e1b7-4339-a549-f0878115596e}' -> 5
00:00:00.041995 main     AssertLogRel H:\vbox-6.1.36\src\VBox\Main\src-all\win\VBoxProxyStub.c(964) long __cdecl vbpsCreateRegKeyWithDefaultValueAAEx(struct VBPSREGSTATE *,struct HKEY__ *,const char *,const char *,struct HKEY__ **,unsigned int): VBPS_LOGREL_NO_ASSERT(rc == ERROR_ACCESS_DENIED)
00:00:00.041999 main     1582: create key '{20191216-e1b7-4339-a549-f0878115596e}'(/Default='IVRDEServerInfoChangedEvent') -> 5
00:00:00.042053 main     AssertLogRel H:\vbox-6.1.36\src\VBox\Main\src-all\win\VBoxProxyStub.c(869) long __cdecl vbpsCreateRegKeyA(struct VBPSREGSTATE *,struct HKEY__ *,const char *,struct HKEY__ **,unsigned int): VBPS_LOGREL_NO_ASSERT(rc == ERROR_ACCESS_DENIED)
00:00:00.042059 main     1582: create key '{20191216-bcb2-4905-a7ab-cc85448a742b}' -> 5
00:00:00.042062 main     AssertLogRel H:\vbox-6.1.36\src\VBox\Main\src-all\win\VBoxProxyStub.c(964) long __cdecl vbpsCreateRegKeyWithDefaultValueAAEx(struct VBPSREGSTATE *,struct HKEY__ *,const char *,const char *,struct HKEY__ **,unsigned int): VBPS_LOGREL_NO_ASSERT(rc == ERROR_ACCESS_DENIED)
00:00:00.042066 main     1582: create key '{20191216-bcb2-4905-a7ab-cc85448a742b}'(/Default='IGuestProcessOutputEvent') -> 5
00:00:00.042142 main     AssertLogRel H:\vbox-6.1.36\src\VBox\Main\src-all\win\VBoxProxyStub.c(869) long __cdecl vbpsCreateRegKeyA(struct VBPSREGSTATE *,struct HKEY__ *,const char *,struct HKEY__ **,unsigned int): VBPS_LOGREL_NO_ASSERT(rc == ERROR_ACCESS_DENIED)
00:00:00.042152 main     1582: create key '{20191216-71b2-4817-9a64-4ed12c17388e}' -> 5
00:00:00.042159 main     AssertLogRel H:\vbox-6.1.36\src\VBox\Main\src-all\win\VBoxProxyStub.c(964) long __cdecl vbpsCreateRegKeyWithDefaultValueAAEx(struct VBPSREGSTATE *,struct HKEY__ *,const char *,const char *,struct HKEY__ **,unsigned int): VBPS_LOGREL_NO_ASSERT(rc == ERROR_ACCESS_DENIED)
00:00:00.042163 main     1582: create key '{20191216-71b2-4817-9a64-4ed12c17388e}'(/Default='ICPUChangedEvent') -> 5
00:00:00.042224 main     AssertLogRel H:\vbox-6.1.36\src\VBox\Main\src-all\win\VBoxProxyStub.c(869) long __cdecl vbpsCreateRegKeyA(struct VBPSREGSTATE *,struct HKEY__ *,const char *,struct HKEY__ **,unsigned int): VBPS_LOGREL_NO_ASSERT(rc == ERROR_ACCESS_DENIED)
00:00:00.042230 main     1582: create key '{20191216-e4b1-486a-8f2e-747ae346c3e9}' -> 5
00:00:00.042233 main     AssertLogRel H:\vbox-6.1.36\src\VBox\Main\src-all\win\VBoxProxyStub.c(964) long __cdecl vbpsCreateRegKeyWithDefaultValueAAEx(struct VBPSREGSTATE *,struct HKEY__ *,const char *,const char *,struct HKEY__ **,unsigned int): VBPS_LOGREL_NO_ASSERT(rc == ERROR_ACCESS_DENIED)
00:00:00.042237 main     1582: create key '{20191216-e4b1-486a-8f2e-747ae346c3e9}'(/Default='IDirectory') -> 5
00:00:00.042299 main     AssertLogRel H:\vbox-6.1.36\src\VBox\Main\src-all\win\VBoxProxyStub.c(869) long __cdecl vbpsCreateRegKeyA(struct VBPSREGSTATE *,struct HKEY__ *,const char *,struct HKEY__ **,unsigned int): VBPS_LOGREL_NO_ASSERT(rc == ERROR_ACCESS_DENIED)
00:00:00.042305 main     1582: create key '{20191216-00b1-4e9d-0000-11fa00f9d583}' -> 5
00:00:00.042309 main     AssertLogRel H:\vbox-6.1.36\src\VBox\Main\src-all\win\VBoxProxyStub.c(964) long __cdecl vbpsCreateRegKeyWithDefaultValueAAEx(struct VBPSREGSTATE *,struct HKEY__ *,const char *,const char *,struct HKEY__ **,unsigned int): VBPS_LOGREL_NO_ASSERT(rc == ERROR_ACCESS_DENIED)
00:00:00.042312 main     1582: create key '{20191216-00b1-4e9d-0000-11fa00f9d583}'(/Default='IClipboardFileTransferModeChangedEvent') -> 5
00:00:00.042395 main     AssertLogRel H:\vbox-6.1.36\src\VBox\Main\src-all\win\VBoxProxyStub.c(869) long __cdecl vbpsCreateRegKeyA(struct VBPSREGSTATE *,struct HKEY__ *,const char *,struct HKEY__ **,unsigned int): VBPS_LOGREL_NO_ASSERT(rc == ERROR_ACCESS_DENIED)
00:00:00.042408 main     1582: create key '{20191216-93af-42a7-7f13-79ad6ef1a18d}' -> 5
00:00:00.042411 main     AssertLogRel H:\vbox-6.1.36\src\VBox\Main\src-all\win\VBoxProxyStub.c(964) long __cdecl vbpsCreateRegKeyWithDefaultValueAAEx(struct VBPSREGSTATE *,struct HKEY__ *,const char *,const char *,struct HKEY__ **,unsigned int): VBPS_LOGREL_NO_ASSERT(rc == ERROR_ACCESS_DENIED)
00:00:00.042414 main     1582: create key '{20191216-93af-42a7-7f13-79ad6ef1a18d}'(/Default='IRecordingScreenSettings') -> 5
00:00:00.042486 main     AssertLogRel H:\vbox-6.1.36\src\VBox\Main\src-all\win\VBoxProxyStub.c(869) long __cdecl vbpsCreateRegKeyA(struct VBPSREGSTATE *,struct HKEY__ *,const char *,struct HKEY__ **,unsigned int): VBPS_LOGREL_NO_ASSERT(rc == ERROR_ACCESS_DENIED)
00:00:00.042491 main     1582: create key '{20191216-a1a9-4ac2-8e80-c049af69dac8}' -> 5
00:00:00.042493 main     AssertLogRel H:\vbox-6.1.36\src\VBox\Main\src-all\win\VBoxProxyStub.c(964) long __cdecl vbpsCreateRegKeyWithDefaultValueAAEx(struct VBPSREGSTATE *,struct HKEY__ *,const char *,const char *,struct HKEY__ **,unsigned int): VBPS_LOGREL_NO_ASSERT(rc == ERROR_ACCESS_DENIED)
00:00:00.042496 main     1582: create key '{20191216-a1a9-4ac2-8e80-c049af69dac8}'(/Default='IDHCPServer') -> 5
00:00:00.042539 main     AssertLogRel H:\vbox-6.1.36\src\VBox\Main\src-all\win\VBoxProxyStub.c(869) long __cdecl vbpsCreateRegKeyA(struct VBPSREGSTATE *,struct HKEY__ *,const char *,struct HKEY__ **,unsigned int): VBPS_LOGREL_NO_ASSERT(rc == ERROR_ACCESS_DENIED)
00:00:00.042546 main     1582: create key '{20191216-81a9-4005-9d52-fc45a78bf3f5}' -> 5
00:00:00.042549 main     AssertLogRel H:\vbox-6.1.36\src\VBox\Main\src-all\win\VBoxProxyStub.c(964) long __cdecl vbpsCreateRegKeyWithDefaultValueAAEx(struct VBPSREGSTATE *,struct HKEY__ *,const char *,const char *,struct HKEY__ **,unsigned int): VBPS_LOGREL_NO_ASSERT(rc == ERROR_ACCESS_DENIED)
00:00:00.042552 main     1582: create key '{20191216-81a9-4005-9d52-fc45a78bf3f5}'(/Default='IUSBDevice') -> 5
00:00:00.042596 main     AssertLogRel H:\vbox-6.1.36\src\VBox\Main\src-all\win\VBoxProxyStub.c(869) long __cdecl vbpsCreateRegKeyA(struct VBPSREGSTATE *,struct HKEY__ *,const char *,struct HKEY__ **,unsigned int): VBPS_LOGREL_NO_ASSERT(rc == ERROR_ACCESS_DENIED)
00:00:00.042599 main     1582: create key '{20191216-7ba7-45a8-b26d-c91ae3754e37}' -> 5
00:00:00.042601 main     AssertLogRel H:\vbox-6.1.36\src\VBox\Main\src-all\win\VBoxProxyStub.c(964) long __cdecl vbpsCreateRegKeyWithDefaultValueAAEx(struct VBPSREGSTATE *,struct HKEY__ *,const char *,const char *,struct HKEY__ **,unsigned int): VBPS_LOGREL_NO_ASSERT(rc == ERROR_ACCESS_DENIED)
00:00:00.042603 main     1582: create key '{20191216-7ba7-45a8-b26d-c91ae3754e37}'(/Default='IAudioAdapter') -> 5
00:00:00.042645 main     AssertLogRel H:\vbox-6.1.36\src\VBox\Main\src-all\win\VBoxProxyStub.c(869) long __cdecl vbpsCreateRegKeyA(struct VBPSREGSTATE *,struct HKEY__ *,const char *,struct HKEY__ **,unsigned int): VBPS_LOGREL_NO_ASSERT(rc == ERROR_ACCESS_DENIED)
00:00:00.042669 main     1582: create key '{20191216-08a7-4c8f-910d-47aabd67253a}' -> 5
00:00:00.042676 main     AssertLogRel H:\vbox-6.1.36\src\VBox\Main\src-all\win\VBoxProxyStub.c(964) long __cdecl vbpsCreateRegKeyWithDefaultValueAAEx(struct VBPSREGSTATE *,struct HKEY__ *,const char *,const char *,struct HKEY__ **,unsigned int): VBPS_LOGREL_NO_ASSERT(rc == ERROR_ACCESS_DENIED)
00:00:00.042680 main     1582: create key '{20191216-08a7-4c8f-910d-47aabd67253a}'(/Default='IRecordingChangedEvent') -> 5
00:00:00.042749 main     AssertLogRel H:\vbox-6.1.36\src\VBox\Main\src-all\win\VBoxProxyStub.c(869) long __cdecl vbpsCreateRegKeyA(struct VBPSREGSTATE *,struct HKEY__ *,const char *,struct HKEY__ **,unsigned int): VBPS_LOGREL_NO_ASSERT(rc == ERROR_ACCESS_DENIED)
00:00:00.042754 main     1582: create key '{20191216-00a7-4104-0009-49bc00b2da80}' -> 5
00:00:00.042758 main     AssertLogRel H:\vbox-6.1.36\src\VBox\Main\src-all\win\VBoxProxyStub.c(964) long __cdecl vbpsCreateRegKeyWithDefaultValueAAEx(struct VBPSREGSTATE *,struct HKEY__ *,const char *,const char *,struct HKEY__ **,unsigned int): VBPS_LOGREL_NO_ASSERT(rc == ERROR_ACCESS_DENIED)
00:00:00.042762 main     1582: create key '{20191216-00a7-4104-0009-49bc00b2da80}'(/Default='IMachineDebugger') -> 5
00:00:00.042814 main     AssertLogRel H:\vbox-6.1.36\src\VBox\Main\src-all\win\VBoxProxyStub.c(869) long __cdecl vbpsCreateRegKeyA(struct VBPSREGSTATE *,struct HKEY__ *,const char *,struct HKEY__ **,unsigned int): VBPS_LOGREL_NO_ASSERT(rc == ERROR_ACCESS_DENIED)
00:00:00.042819 main     1582: create key '{20191216-73a5-46cc-8227-93fe57d006a6}' -> 5
00:00:00.042822 main     AssertLogRel H:\vbox-6.1.36\src\VBox\Main\src-all\win\VBoxProxyStub.c(964) long __cdecl vbpsCreateRegKeyWithDefaultValueAAEx(struct VBPSREGSTATE *,struct HKEY__ *,const char *,const char *,struct HKEY__ **,unsigned int): VBPS_LOGREL_NO_ASSERT(rc == ERROR_ACCESS_DENIED)
00:00:00.042826 main     1582: create key '{20191216-73a5-46cc-8227-93fe57d006a6}'(/Default='IDHCPIndividualConfig') -> 5
00:00:00.042874 main     AssertLogRel H:\vbox-6.1.36\src\VBox\Main\src-all\win\VBoxProxyStub.c(869) long __cdecl vbpsCreateRegKeyA(struct VBPSREGSTATE *,struct HKEY__ *,const char *,struct HKEY__ **,unsigned int): VBPS_LOGREL_NO_ASSERT(rc == ERROR_ACCESS_DENIED)
00:00:00.042878 main     1582: create key '{20191216-b4a4-44ce-85a8-127ac5eb59dc}' -> 5
00:00:00.042880 main     AssertLogRel H:\vbox-6.1.36\src\VBox\Main\src-all\win\VBoxProxyStub.c(964) long __cdecl vbpsCreateRegKeyWithDefaultValueAAEx(struct VBPSREGSTATE *,struct HKEY__ *,const char *,const char *,struct HKEY__ **,unsigned int): VBPS_LOGREL_NO_ASSERT(rc == ERROR_ACCESS_DENIED)
00:00:00.042884 main     1582: create key '{20191216-b4a4-44ce-85a8-127ac5eb59dc}'(/Default='ICPUExecutionCapChangedEvent') -> 5
00:00:00.042959 main     AssertLogRel H:\vbox-6.1.36\src\VBox\Main\src-all\win\VBoxProxyStub.c(869) long __cdecl vbpsCreateRegKeyA(struct VBPSREGSTATE *,struct HKEY__ *,const char *,struct HKEY__ **,unsigned int): VBPS_LOGREL_NO_ASSERT(rc == ERROR_ACCESS_DENIED)
00:00:00.042963 main     1582: create key '{20191216-4ba3-7903-2aa4-43988ba11554}' -> 5
00:00:00.042966 main     AssertLogRel H:\vbox-6.1.36\src\VBox\Main\src-all\win\VBoxProxyStub.c(964) long __cdecl vbpsCreateRegKeyWithDefaultValueAAEx(struct VBPSREGSTATE *,struct HKEY__ *,const char *,const char *,struct HKEY__ **,unsigned int): VBPS_LOGREL_NO_ASSERT(rc == ERROR_ACCESS_DENIED)
00:00:00.042968 main     1582: create key '{20191216-4ba3-7903-2aa4-43988ba11554}'(/Default='IDnDTarget') -> 5
00:00:00.043013 main     AssertLogRel H:\vbox-6.1.36\src\VBox\Main\src-all\win\VBoxProxyStub.c(869) long __cdecl vbpsCreateRegKeyA(struct VBPSREGSTATE *,struct HKEY__ *,const char *,struct HKEY__ **,unsigned int): VBPS_LOGREL_NO_ASSERT(rc == ERROR_ACCESS_DENIED)
00:00:00.043016 main     1582: create key '{20191216-70a2-487e-895e-d3fc9679f7b3}' -> 5
00:00:00.043018 main     AssertLogRel H:\vbox-6.1.36\src\VBox\Main\src-all\win\VBoxProxyStub.c(964) long __cdecl vbpsCreateRegKeyWithDefaultValueAAEx(struct VBPSREGSTATE *,struct HKEY__ *,const char *,const char *,struct HKEY__ **,unsigned int): VBPS_LOGREL_NO_ASSERT(rc == ERROR_ACCESS_DENIED)
00:00:00.043022 main     1582: create key '{20191216-70a2-487e-895e-d3fc9679f7b3}'(/Default='IGuestFileRegisteredEvent') -> 5
00:00:00.043069 main     AssertLogRel H:\vbox-6.1.36\src\VBox\Main\src-all\win\VBoxProxyStub.c(869) long __cdecl vbpsCreateRegKeyA(struct VBPSREGSTATE *,struct HKEY__ *,const char *,struct HKEY__ **,unsigned int): VBPS_LOGREL_NO_ASSERT(rc == ERROR_ACCESS_DENIED)
00:00:00.043072 main     1582: create key '{20191216-08a2-41af-a05f-d7c661abaebe}' -> 5
00:00:00.043075 main     AssertLogRel H:\vbox-6.1.36\src\VBox\Main\src-all\win\VBoxProxyStub.c(964) long __cdecl vbpsCreateRegKeyWithDefaultValueAAEx(struct VBPSREGSTATE *,struct HKEY__ *,const char *,const char *,struct HKEY__ **,unsigned int): VBPS_LOGREL_NO_ASSERT(rc == ERROR_ACCESS_DENIED)
00:00:00.043077 main     1582: create key '{20191216-08a2-41af-a05f-d7c661abaebe}'(/Default='IVRDEServer') -> 5
00:00:00.043119 main     AssertLogRel H:\vbox-6.1.36\src\VBox\Main\src-all\win\VBoxProxyStub.c(869) long __cdecl vbpsCreateRegKeyA(struct VBPSREGSTATE *,struct HKEY__ *,const char *,struct HKEY__ **,unsigned int): VBPS_LOGREL_NO_ASSERT(rc == ERROR_ACCESS_DENIED)
00:00:00.043122 main     1582: create key '{20191216-44a0-a470-ba20-27890b96dba9}' -> 5
00:00:00.043125 main     AssertLogRel H:\vbox-6.1.36\src\VBox\Main\src-all\win\VBoxProxyStub.c(964) long __cdecl vbpsCreateRegKeyWithDefaultValueAAEx(struct VBPSREGSTATE *,struct HKEY__ *,const char *,const char *,struct HKEY__ **,unsigned int): VBPS_LOGREL_NO_ASSERT(rc == ERROR_ACCESS_DENIED)
00:00:00.043127 main     1582: create key '{20191216-44a0-a470-ba20-27890b96dba9}'(/Default='IHostNetworkInterface') -> 5
00:00:00.043168 main     AssertLogRel H:\vbox-6.1.36\src\VBox\Main\src-all\win\VBoxProxyStub.c(869) long __cdecl vbpsCreateRegKeyA(struct VBPSREGSTATE *,struct HKEY__ *,const char *,struct HKEY__ **,unsigned int): VBPS_LOGREL_NO_ASSERT(rc == ERROR_ACCESS_DENIED)
00:00:00.043171 main     1582: create key '{20191216-4a9e-43f4-b7a7-54bd285e22f4}' -> 5
00:00:00.043174 main     AssertLogRel H:\vbox-6.1.36\src\VBox\Main\src-all\win\VBoxProxyStub.c(964) long __cdecl vbpsCreateRegKeyWithDefaultValueAAEx(struct VBPSREGSTATE *,struct HKEY__ *,const char *,const char *,struct HKEY__ **,unsigned int): VBPS_LOGREL_NO_ASSERT(rc == ERROR_ACCESS_DENIED)
00:00:00.043176 main     1582: create key '{20191216-4a9e-43f4-b7a7-54bd285e22f4}'(/Default='ISnapshotDeletedEvent') -> 5
00:00:00.043218 main     AssertLogRel H:\vbox-6.1.36\src\VBox\Main\src-all\win\VBoxProxyStub.c(869) long __cdecl vbpsCreateRegKeyA(struct VBPSREGSTATE *,struct HKEY__ *,const char *,struct HKEY__ **,unsigned int): VBPS_LOGREL_NO_ASSERT(rc == ERROR_ACCESS_DENIED)
00:00:00.043223 main     1582: create key '{20191216-929c-40e8-bf16-fea557cd8e7e}' -> 5
00:00:00.043225 main     AssertLogRel H:\vbox-6.1.36\src\VBox\Main\src-all\win\VBoxProxyStub.c(964) long __cdecl vbpsCreateRegKeyWithDefaultValueAAEx(struct VBPSREGSTATE *,struct HKEY__ *,const char *,const char *,struct HKEY__ **,unsigned int): VBPS_LOGREL_NO_ASSERT(rc == ERROR_ACCESS_DENIED)
00:00:00.043227 main     1582: create key '{20191216-929c-40e8-bf16-fea557cd8e7e}'(/Default='ISystemProperties') -> 5
00:00:00.043270 main     AssertLogRel H:\vbox-6.1.36\src\VBox\Main\src-all\win\VBoxProxyStub.c(869) long __cdecl vbpsCreateRegKeyA(struct VBPSREGSTATE *,struct HKEY__ *,const char *,struct HKEY__ **,unsigned int): VBPS_LOGREL_NO_ASSERT(rc == ERROR_ACCESS_DENIED)
00:00:00.043273 main     1582: create key '{20191216-659c-488b-835c-4eca7ae71c6c}' -> 5
00:00:00.043276 main     AssertLogRel H:\vbox-6.1.36\src\VBox\Main\src-all\win\VBoxProxyStub.c(964) long __cdecl vbpsCreateRegKeyWithDefaultValueAAEx(struct VBPSREGSTATE *,struct HKEY__ *,const char *,const char *,struct HKEY__ **,unsigned int): VBPS_LOGREL_NO_ASSERT(rc == ERROR_ACCESS_DENIED)
00:00:00.043278 main     1582: create key '{20191216-659c-488b-835c-4eca7ae71c6c}'(/Default='ISerialPortChangedEvent') -> 5
00:00:00.043319 main     AssertLogRel H:\vbox-6.1.36\src\VBox\Main\src-all\win\VBoxProxyStub.c(869) long __cdecl vbpsCreateRegKeyA(struct VBPSREGSTATE *,struct HKEY__ *,const char *,struct HKEY__ **,unsigned int): VBPS_LOGREL_NO_ASSERT(rc == ERROR_ACCESS_DENIED)
00:00:00.043322 main     1582: create key '{20191216-319c-4e7e-8150-c5837bd265f6}' -> 5
00:00:00.043325 main     AssertLogRel H:\vbox-6.1.36\src\VBox\Main\src-all\win\VBoxProxyStub.c(964) long __cdecl vbpsCreateRegKeyWithDefaultValueAAEx(struct VBPSREGSTATE *,struct HKEY__ *,const char *,const char *,struct HKEY__ **,unsigned int): VBPS_LOGREL_NO_ASSERT(rc == ERROR_ACCESS_DENIED)
00:00:00.043327 main     1582: create key '{20191216-319c-4e7e-8150-c5837bd265f6}'(/Default='IGuestMouseEvent') -> 5
00:00:00.043368 main     AssertLogRel H:\vbox-6.1.36\src\VBox\Main\src-all\win\VBoxProxyStub.c(869) long __cdecl vbpsCreateRegKeyA(struct VBPSREGSTATE *,struct HKEY__ *,const char *,struct HKEY__ **,unsigned int): VBPS_LOGREL_NO_ASSERT(rc == ERROR_ACCESS_DENIED)
00:00:00.043372 main     1582: create key '{20191216-4a9b-1727-bee2-5585105b9eed}' -> 5
00:00:00.043374 main     AssertLogRel H:\vbox-6.1.36\src\VBox\Main\src-all\win\VBoxProxyStub.c(964) long __cdecl vbpsCreateRegKeyWithDefaultValueAAEx(struct VBPSREGSTATE *,struct HKEY__ *,const char *,const char *,struct HKEY__ **,unsigned int): VBPS_LOGREL_NO_ASSERT(rc == ERROR_ACCESS_DENIED)
00:00:00.043377 main     1582: create key '{20191216-4a9b-1727-bee2-5585105b9eed}'(/Default='IConsole') -> 5
00:00:00.043418 main     AssertLogRel H:\vbox-6.1.36\src\VBox\Main\src-all\win\VBoxProxyStub.c(869) long __cdecl vbpsCreateRegKeyA(struct VBPSREGSTATE *,struct HKEY__ *,const char *,struct HKEY__ **,unsigned int): VBPS_LOGREL_NO_ASSERT(rc == ERROR_ACCESS_DENIED)
00:00:00.043421 main     1582: create key '{20191216-799a-4489-86cd-fe8e45b2ff8e}' -> 5
00:00:00.043424 main     AssertLogRel H:\vbox-6.1.36\src\VBox\Main\src-all\win\VBoxProxyStub.c(964) long __cdecl vbpsCreateRegKeyWithDefaultValueAAEx(struct VBPSREGSTATE *,struct HKEY__ *,const char *,const char *,struct HKEY__ **,unsigned int): VBPS_LOGREL_NO_ASSERT(rc == ERROR_ACCESS_DENIED)
00:00:00.043426 main     1582: create key '{20191216-799a-4489-86cd-fe8e45b2ff8e}'(/Default='ISessionStateChangedEvent') -> 5
00:00:00.043463 main     AssertLogRel H:\vbox-6.1.36\src\VBox\Main\src-all\win\VBoxProxyStub.c(869) long __cdecl vbpsCreateRegKeyA(struct VBPSREGSTATE *,struct HKEY__ *,const char *,struct HKEY__ **,unsigned int): VBPS_LOGREL_NO_ASSERT(rc == ERROR_ACCESS_DENIED)
00:00:00.043467 main     1582: create key '{20191216-bf98-47fb-ab2f-b5177533f493}' -> 5
00:00:00.043470 main     AssertLogRel H:\vbox-6.1.36\src\VBox\Main\src-all\win\VBoxProxyStub.c(964) long __cdecl vbpsCreateRegKeyWithDefaultValueAAEx(struct VBPSREGSTATE *,struct HKEY__ *,const char *,const char *,struct HKEY__ **,unsigned int): VBPS_LOGREL_NO_ASSERT(rc == ERROR_ACCESS_DENIED)
00:00:00.043473 main     1582: create key '{20191216-bf98-47fb-ab2f-b5177533f493}'(/Default='IStorageController') -> 5
00:00:00.043515 main     AssertLogRel H:\vbox-6.1.36\src\VBox\Main\src-all\win\VBoxProxyStub.c(869) long __cdecl vbpsCreateRegKeyA(struct VBPSREGSTATE *,struct HKEY__ *,const char *,struct HKEY__ **,unsigned int): VBPS_LOGREL_NO_ASSERT(rc == ERROR_ACCESS_DENIED)
00:00:00.043518 main     1582: create key '{20191216-ac97-4c16-b3e2-81bd8a57cc27}' -> 5
00:00:00.043520 main     AssertLogRel H:\vbox-6.1.36\src\VBox\Main\src-all\win\VBoxProxyStub.c(964) long __cdecl vbpsCreateRegKeyWithDefaultValueAAEx(struct VBPSREGSTATE *,struct HKEY__ *,const char *,const char *,struct HKEY__ **,unsigned int): VBPS_LOGREL_NO_ASSERT(rc == ERROR_ACCESS_DENIED)
00:00:00.043523 main     1582: create key '{20191216-ac97-4c16-b3e2-81bd8a57cc27}'(/Default='IHostVideoInputDevice') -> 5
00:00:00.043571 main     AssertLogRel H:\vbox-6.1.36\src\VBox\Main\src-all\win\VBoxProxyStub.c(869) long __cdecl vbpsCreateRegKeyA(struct VBPSREGSTATE *,struct HKEY__ *,const char *,struct HKEY__ **,unsigned int): VBPS_LOGREL_NO_ASSERT(rc == ERROR_ACCESS_DENIED)
00:00:00.043574 main     1582: create key '{20191216-7997-4595-a731-3a509db604e5}' -> 5
00:00:00.043577 main     AssertLogRel H:\vbox-6.1.36\src\VBox\Main\src-all\win\VBoxProxyStub.c(964) long __cdecl vbpsCreateRegKeyWithDefaultValueAAEx(struct VBPSREGSTATE *,struct HKEY__ *,const char *,const char *,struct HKEY__ **,unsigned int): VBPS_LOGREL_NO_ASSERT(rc == ERROR_ACCESS_DENIED)
00:00:00.043580 main     1582: create key '{20191216-7997-4595-a731-3a509db604e5}'(/Default='IClipboardModeChangedEvent') -> 5
00:00:00.043621 main     AssertLogRel H:\vbox-6.1.36\src\VBox\Main\src-all\win\VBoxProxyStub.c(869) long __cdecl vbpsCreateRegKeyA(struct VBPSREGSTATE *,struct HKEY__ *,const char *,struct HKEY__ **,unsigned int): VBPS_LOGREL_NO_ASSERT(rc == ERROR_ACCESS_DENIED)
00:00:00.043625 main     1582: create key '{20191216-c196-4d26-b8db-4c8c389f1f82}' -> 5
00:00:00.043627 main     AssertLogRel H:\vbox-6.1.36\src\VBox\Main\src-all\win\VBoxProxyStub.c(964) long __cdecl vbpsCreateRegKeyWithDefaultValueAAEx(struct VBPSREGSTATE *,struct HKEY__ *,const char *,const char *,struct HKEY__ **,unsigned int): VBPS_LOGREL_NO_ASSERT(rc == ERROR_ACCESS_DENIED)
00:00:00.043629 main     1582: create key '{20191216-c196-4d26-b8db-4c8c389f1f82}'(/Default='IVirtualSystemDescription') -> 5
00:00:00.043668 main     AssertLogRel H:\vbox-6.1.36\src\VBox\Main\src-all\win\VBoxProxyStub.c(869) long __cdecl vbpsCreateRegKeyA(struct VBPSREGSTATE *,struct HKEY__ *,const char *,struct HKEY__ **,unsigned int): VBPS_LOGREL_NO_ASSERT(rc == ERROR_ACCESS_DENIED)
00:00:00.043671 main     1582: create key '{20191216-0d96-40ed-ae46-a564d484325e}' -> 5
00:00:00.043673 main     AssertLogRel H:\vbox-6.1.36\src\VBox\Main\src-all\win\VBoxProxyStub.c(964) long __cdecl vbpsCreateRegKeyWithDefaultValueAAEx(struct VBPSREGSTATE *,struct HKEY__ *,const char *,const char *,struct HKEY__ **,unsigned int): VBPS_LOGREL_NO_ASSERT(rc == ERROR_ACCESS_DENIED)
00:00:00.043675 main     1582: create key '{20191216-0d96-40ed-ae46-a564d484325e}'(/Default='IMachineEvent') -> 5
00:00:00.043713 main     AssertLogRel H:\vbox-6.1.36\src\VBox\Main\src-all\win\VBoxProxyStub.c(869) long __cdecl vbpsCreateRegKeyA(struct VBPSREGSTATE *,struct HKEY__ *,const char *,struct HKEY__ **,unsigned int): VBPS_LOGREL_NO_ASSERT(rc == ERROR_ACCESS_DENIED)
00:00:00.043716 main     1582: create key '{20191216-7193-426c-a41f-522e8f537fa0}' -> 5
00:00:00.043718 main     AssertLogRel H:\vbox-6.1.36\src\VBox\Main\src-all\win\VBoxProxyStub.c(964) long __cdecl vbpsCreateRegKeyWithDefaultValueAAEx(struct VBPSREGSTATE *,struct HKEY__ *,const char *,const char *,struct HKEY__ **,unsigned int): VBPS_LOGREL_NO_ASSERT(rc == ERROR_ACCESS_DENIED)
00:00:00.043722 main     1582: create key '{20191216-7193-426c-a41f-522e8f537fa0}'(/Default='IUnattended') -> 5
00:00:00.043761 main     AssertLogRel H:\vbox-6.1.36\src\VBox\Main\src-all\win\VBoxProxyStub.c(869) long __cdecl vbpsCreateRegKeyA(struct VBPSREGSTATE *,struct HKEY__ *,const char *,struct HKEY__ **,unsigned int): VBPS_LOGREL_NO_ASSERT(rc == ERROR_ACCESS_DENIED)
00:00:00.043766 main     1582: create key '{20191216-e191-400b-840e-970f3dad7296}' -> 5
00:00:00.043769 main     AssertLogRel H:\vbox-6.1.36\src\VBox\Main\src-all\win\VBoxProxyStub.c(964) long __cdecl vbpsCreateRegKeyWithDefaultValueAAEx(struct VBPSREGSTATE *,struct HKEY__ *,const char *,const char *,struct HKEY__ **,unsigned int): VBPS_LOGREL_NO_ASSERT(rc == ERROR_ACCESS_DENIED)
00:00:00.043773 main     1582: create key '{20191216-e191-400b-840e-970f3dad7296}'(/Default='IPCIAddress') -> 5
00:00:00.043819 main     AssertLogRel H:\vbox-6.1.36\src\VBox\Main\src-all\win\VBoxProxyStub.c(869) long __cdecl vbpsCreateRegKeyA(struct VBPSREGSTATE *,struct HKEY__ *,const char *,struct HKEY__ **,unsigned int): VBPS_LOGREL_NO_ASSERT(rc == ERROR_ACCESS_DENIED)
00:00:00.043824 main     1582: create key '{20191216-8690-11e9-b83d-5719e53cf1de}' -> 5
00:00:00.043827 main     AssertLogRel H:\vbox-6.1.36\src\VBox\Main\src-all\win\VBoxProxyStub.c(964) long __cdecl vbpsCreateRegKeyWithDefaultValueAAEx(struct VBPSREGSTATE *,struct HKEY__ *,const char *,const char *,struct HKEY__ **,unsigned int): VBPS_LOGREL_NO_ASSERT(rc == ERROR_ACCESS_DENIED)
00:00:00.043831 main     1582: create key '{20191216-8690-11e9-b83d-5719e53cf1de}'(/Default='IDisplay') -> 5
00:00:00.043881 main     AssertLogRel H:\vbox-6.1.36\src\VBox\Main\src-all\win\VBoxProxyStub.c(869) long __cdecl vbpsCreateRegKeyA(struct VBPSREGSTATE *,struct HKEY__ *,const char *,struct HKEY__ **,unsigned int): VBPS_LOGREL_NO_ASSERT(rc == ERROR_ACCESS_DENIED)
00:00:00.043886 main     1582: create key '{20191216-808e-11e9-b773-133d9330f849}' -> 5
00:00:00.043888 main     AssertLogRel H:\vbox-6.1.36\src\VBox\Main\src-all\win\VBoxProxyStub.c(964) long __cdecl vbpsCreateRegKeyWithDefaultValueAAEx(struct VBPSREGSTATE *,struct HKEY__ *,const char *,const char *,struct HKEY__ **,unsigned int): VBPS_LOGREL_NO_ASSERT(rc == ERROR_ACCESS_DENIED)
00:00:00.043891 main     1582: create key '{20191216-808e-11e9-b773-133d9330f849}'(/Default='IGuestMonitorInfoChangedEvent') -> 5
00:00:00.043931 main     AssertLogRel H:\vbox-6.1.36\src\VBox\Main\src-all\win\VBoxProxyStub.c(869) long __cdecl vbpsCreateRegKeyA(struct VBPSREGSTATE *,struct HKEY__ *,const char *,struct HKEY__ **,unsigned int): VBPS_LOGREL_NO_ASSERT(rc == ERROR_ACCESS_DENIED)
00:00:00.043934 main     1582: create key '{20191216-cb8d-4382-90ba-b7da78a74573}' -> 5
00:00:00.043937 main     AssertLogRel H:\vbox-6.1.36\src\VBox\Main\src-all\win\VBoxProxyStub.c(964) long __cdecl vbpsCreateRegKeyWithDefaultValueAAEx(struct VBPSREGSTATE *,struct HKEY__ *,const char *,const char *,struct HKEY__ **,unsigned int): VBPS_LOGREL_NO_ASSERT(rc == ERROR_ACCESS_DENIED)
00:00:00.043941 main     1582: create key '{20191216-cb8d-4382-90ba-b7da78a74573}'(/Default='IVirtualBoxClient') -> 5
00:00:00.043996 main     AssertLogRel H:\vbox-6.1.36\src\VBox\Main\src-all\win\VBoxProxyStub.c(869) long __cdecl vbpsCreateRegKeyA(struct VBPSREGSTATE *,struct HKEY__ *,const char *,struct HKEY__ **,unsigned int): VBPS_LOGREL_NO_ASSERT(rc == ERROR_ACCESS_DENIED)
00:00:00.044002 main     1582: create key '{20191216-1f8b-4692-abb4-462429fae5e9}' -> 5
00:00:00.044006 main     AssertLogRel H:\vbox-6.1.36\src\VBox\Main\src-all\win\VBoxProxyStub.c(964) long __cdecl vbpsCreateRegKeyWithDefaultValueAAEx(struct VBPSREGSTATE *,struct HKEY__ *,const char *,const char *,struct HKEY__ **,unsigned int): VBPS_LOGREL_NO_ASSERT(rc == ERROR_ACCESS_DENIED)
00:00:00.044009 main     1582: create key '{20191216-1f8b-4692-abb4-462429fae5e9}'(/Default='IDnDModeChangedEvent') -> 5
00:00:00.044067 main     AssertLogRel H:\vbox-6.1.36\src\VBox\Main\src-all\win\VBoxProxyStub.c(869) long __cdecl vbpsCreateRegKeyA(struct VBPSREGSTATE *,struct HKEY__ *,const char *,struct HKEY__ **,unsigned int): VBPS_LOGREL_NO_ASSERT(rc == ERROR_ACCESS_DENIED)
00:00:00.044074 main     1582: create key '{20191216-3e8a-11e9-825c-ab7b2cabce23}' -> 5
00:00:00.044077 main     AssertLogRel H:\vbox-6.1.36\src\VBox\Main\src-all\win\VBoxProxyStub.c(964) long __cdecl vbpsCreateRegKeyWithDefaultValueAAEx(struct VBPSREGSTATE *,struct HKEY__ *,const char *,const char *,struct HKEY__ **,unsigned int): VBPS_LOGREL_NO_ASSERT(rc == ERROR_ACCESS_DENIED)
00:00:00.044081 main     1582: create key '{20191216-3e8a-11e9-825c-ab7b2cabce23}'(/Default='IChoiceFormValue') -> 5
00:00:00.044142 main     AssertLogRel H:\vbox-6.1.36\src\VBox\Main\src-all\win\VBoxProxyStub.c(869) long __cdecl vbpsCreateRegKeyA(struct VBPSREGSTATE *,struct HKEY__ *,const char *,struct HKEY__ **,unsigned int): VBPS_LOGREL_NO_ASSERT(rc == ERROR_ACCESS_DENIED)
00:00:00.044147 main     1582: create key '{20191216-3e8a-11e9-8082-db8ae479ef87}' -> 5
00:00:00.044151 main     AssertLogRel H:\vbox-6.1.36\src\VBox\Main\src-all\win\VBoxProxyStub.c(964) long __cdecl vbpsCreateRegKeyWithDefaultValueAAEx(struct VBPSREGSTATE *,struct HKEY__ *,const char *,const char *,struct HKEY__ **,unsigned int): VBPS_LOGREL_NO_ASSERT(rc == ERROR_ACCESS_DENIED)
00:00:00.044154 main     1582: create key '{20191216-3e8a-11e9-8082-db8ae479ef87}'(/Default='IForm') -> 5
00:00:00.044221 main     AssertLogRel H:\vbox-6.1.36\src\VBox\Main\src-all\win\VBoxProxyStub.c(869) long __cdecl vbpsCreateRegKeyA(struct VBPSREGSTATE *,struct HKEY__ *,const char *,struct HKEY__ **,unsigned int): VBPS_LOGREL_NO_ASSERT(rc == ERROR_ACCESS_DENIED)
00:00:00.044227 main     1582: create key '{20191216-6989-4002-80cf-3607f377d40c}' -> 5
00:00:00.044231 main     AssertLogRel H:\vbox-6.1.36\src\VBox\Main\src-all\win\VBoxProxyStub.c(964) long __cdecl vbpsCreateRegKeyWithDefaultValueAAEx(struct VBPSREGSTATE *,struct HKEY__ *,const char *,const char *,struct HKEY__ **,unsigned int): VBPS_LOGREL_NO_ASSERT(rc == ERROR_ACCESS_DENIED)
00:00:00.044234 main     1582: create key '{20191216-6989-4002-80cf-3607f377d40c}'(/Default='IUSBProxyBackend') -> 5
00:00:00.044290 main     AssertLogRel H:\vbox-6.1.36\src\VBox\Main\src-all\win\VBoxProxyStub.c(869) long __cdecl vbpsCreateRegKeyA(struct VBPSREGSTATE *,struct HKEY__ *,const char *,struct HKEY__ **,unsigned int): VBPS_LOGREL_NO_ASSERT(rc == ERROR_ACCESS_DENIED)
00:00:00.044296 main     1582: create key '{20191216-4289-ef4e-8e6a-e5b07816b631}' -> 5
00:00:00.044299 main     AssertLogRel H:\vbox-6.1.36\src\VBox\Main\src-all\win\VBoxProxyStub.c(964) long __cdecl vbpsCreateRegKeyWithDefaultValueAAEx(struct VBPSREGSTATE *,struct HKEY__ *,const char *,const char *,struct HKEY__ **,unsigned int): VBPS_LOGREL_NO_ASSERT(rc == ERROR_ACCESS_DENIED)
00:00:00.044303 main     1582: create key '{20191216-4289-ef4e-8e6a-e5b07816b631}'(/Default='IUSBDeviceFilter') -> 5
00:00:00.044355 main     AssertLogRel H:\vbox-6.1.36\src\VBox\Main\src-all\win\VBoxProxyStub.c(869) long __cdecl vbpsCreateRegKeyA(struct VBPSREGSTATE *,struct HKEY__ *,const char *,struct HKEY__ **,unsigned int): VBPS_LOGREL_NO_ASSERT(rc == ERROR_ACCESS_DENIED)
00:00:00.044359 main     1582: create key '{20191216-6588-40a3-9b0a-68c05ba52c4b}' -> 5
00:00:00.044363 main     AssertLogRel H:\vbox-6.1.36\src\VBox\Main\src-all\win\VBoxProxyStub.c(964) long __cdecl vbpsCreateRegKeyWithDefaultValueAAEx(struct VBPSREGSTATE *,struct HKEY__ *,const char *,const char *,struct HKEY__ **,unsigned int): VBPS_LOGREL_NO_ASSERT(rc == ERROR_ACCESS_DENIED)
00:00:00.044367 main     1582: create key '{20191216-6588-40a3-9b0a-68c05ba52c4b}'(/Default='IGuestProcessEvent') -> 5
00:00:00.044418 main     AssertLogRel H:\vbox-6.1.36\src\VBox\Main\src-all\win\VBoxProxyStub.c(869) long __cdecl vbpsCreateRegKeyA(struct VBPSREGSTATE *,struct HKEY__ *,const char *,struct HKEY__ **,unsigned int): VBPS_LOGREL_NO_ASSERT(rc == ERROR_ACCESS_DENIED)
00:00:00.044425 main     1582: create key '{20191216-3188-4c8c-8756-1395e8cb691c}' -> 5
00:00:00.044430 main     AssertLogRel H:\vbox-6.1.36\src\VBox\Main\src-all\win\VBoxProxyStub.c(964) long __cdecl vbpsCreateRegKeyWithDefaultValueAAEx(struct VBPSREGSTATE *,struct HKEY__ *,const char *,const char *,struct HKEY__ **,unsigned int): VBPS_LOGREL_NO_ASSERT(rc == ERROR_ACCESS_DENIED)
00:00:00.044434 main     1582: create key '{20191216-3188-4c8c-8756-1395e8cb691c}'(/Default='IVRDEServerChangedEvent') -> 5
00:00:00.044487 main     AssertLogRel H:\vbox-6.1.36\src\VBox\Main\src-all\win\VBoxProxyStub.c(869) long __cdecl vbpsCreateRegKeyA(struct VBPSREGSTATE *,struct HKEY__ *,const char *,struct HKEY__ **,unsigned int): VBPS_LOGREL_NO_ASSERT(rc == ERROR_ACCESS_DENIED)
00:00:00.044492 main     1582: create key '{20191216-2e88-4436-83d7-50f3e64d0503}' -> 5
00:00:00.044496 main     AssertLogRel H:\vbox-6.1.36\src\VBox\Main\src-all\win\VBoxProxyStub.c(964) long __cdecl vbpsCreateRegKeyWithDefaultValueAAEx(struct VBPSREGSTATE *,struct HKEY__ *,const char *,const char *,struct HKEY__ **,unsigned int): VBPS_LOGREL_NO_ASSERT(rc == ERROR_ACCESS_DENIED)
00:00:00.044500 main     1582: create key '{20191216-2e88-4436-83d7-50f3e64d0503}'(/Default='IMachineDataChangedEvent') -> 5
00:00:00.044554 main     AssertLogRel H:\vbox-6.1.36\src\VBox\Main\src-all\win\VBoxProxyStub.c(869) long __cdecl vbpsCreateRegKeyA(struct VBPSREGSTATE *,struct HKEY__ *,const char *,struct HKEY__ **,unsigned int): VBPS_LOGREL_NO_ASSERT(rc == ERROR_ACCESS_DENIED)
00:00:00.044560 main     1582: create key '{20191216-cc87-4f6e-a0e9-47bb7f2d4be5}' -> 5
00:00:00.044564 main     AssertLogRel H:\vbox-6.1.36\src\VBox\Main\src-all\win\VBoxProxyStub.c(964) long __cdecl vbpsCreateRegKeyWithDefaultValueAAEx(struct VBPSREGSTATE *,struct HKEY__ *,const char *,const char *,struct HKEY__ **,unsigned int): VBPS_LOGREL_NO_ASSERT(rc == ERROR_ACCESS_DENIED)
00:00:00.044568 main     1582: create key '{20191216-cc87-4f6e-a0e9-47bb7f2d4be5}'(/Default='IInternalProgressControl') -> 5
00:00:00.044622 main     AssertLogRel H:\vbox-6.1.36\src\VBox\Main\src-all\win\VBoxProxyStub.c(869) long __cdecl vbpsCreateRegKeyA(struct VBPSREGSTATE *,struct HKEY__ *,const char *,struct HKEY__ **,unsigned int): VBPS_LOGREL_NO_ASSERT(rc == ERROR_ACCESS_DENIED)
00:00:00.044628 main     1582: create key '{20191216-3e87-11e9-8af2-576e84223953}' -> 5
00:00:00.044631 main     AssertLogRel H:\vbox-6.1.36\src\VBox\Main\src-all\win\VBoxProxyStub.c(964) long __cdecl vbpsCreateRegKeyWithDefaultValueAAEx(struct VBPSREGSTATE *,struct HKEY__ *,const char *,const char *,struct HKEY__ **,unsigned int): VBPS_LOGREL_NO_ASSERT(rc == ERROR_ACCESS_DENIED)
00:00:00.044635 main     1582: create key '{20191216-3e87-11e9-8af2-576e84223953}'(/Default='IBooleanFormValue') -> 5
00:00:00.044691 main     AssertLogRel H:\vbox-6.1.36\src\VBox\Main\src-all\win\VBoxProxyStub.c(869) long __cdecl vbpsCreateRegKeyA(struct VBPSREGSTATE *,struct HKEY__ *,const char *,struct HKEY__ **,unsigned int): VBPS_LOGREL_NO_ASSERT(rc == ERROR_ACCESS_DENIED)
00:00:00.044698 main     1582: create key '{20191216-5f86-4d65-ad1b-87ca284fb1c8}' -> 5
00:00:00.044701 main     AssertLogRel H:\vbox-6.1.36\src\VBox\Main\src-all\win\VBoxProxyStub.c(964) long __cdecl vbpsCreateRegKeyWithDefaultValueAAEx(struct VBPSREGSTATE *,struct HKEY__ *,const char *,const char *,struct HKEY__ **,unsigned int): VBPS_LOGREL_NO_ASSERT(rc == ERROR_ACCESS_DENIED)
00:00:00.044704 main     1582: create key '{20191216-5f86-4d65-ad1b-87ca284fb1c8}'(/Default='IMediumIO') -> 5
00:00:00.044767 main     AssertLogRel H:\vbox-6.1.36\src\VBox\Main\src-all\win\VBoxProxyStub.c(869) long __cdecl vbpsCreateRegKeyA(struct VBPSREGSTATE *,struct HKEY__ *,const char *,struct HKEY__ **,unsigned int): VBPS_LOGREL_NO_ASSERT(rc == ERROR_ACCESS_DENIED)
00:00:00.044773 main     1582: create key '{20191216-ae84-4b8e-b0f3-5c20c35caac9}' -> 5
00:00:00.044777 main     AssertLogRel H:\vbox-6.1.36\src\VBox\Main\src-all\win\VBoxProxyStub.c(964) long __cdecl vbpsCreateRegKeyWithDefaultValueAAEx(struct VBPSREGSTATE *,struct HKEY__ *,const char *,const char *,struct HKEY__ **,unsigned int): VBPS_LOGREL_NO_ASSERT(rc == ERROR_ACCESS_DENIED)
00:00:00.044783 main     1582: create key '{20191216-ae84-4b8e-b0f3-5c20c35caac9}'(/Default='IStorageDeviceChangedEvent') -> 5
00:00:00.044842 main     AssertLogRel H:\vbox-6.1.36\src\VBox\Main\src-all\win\VBoxProxyStub.c(869) long __cdecl vbpsCreateRegKeyA(struct VBPSREGSTATE *,struct HKEY__ *,const char *,struct HKEY__ **,unsigned int): VBPS_LOGREL_NO_ASSERT(rc == ERROR_ACCESS_DENIED)
00:00:00.044848 main     1582: create key '{20191216-8384-11e9-921d-8b984e28a686}' -> 5
00:00:00.044851 main     AssertLogRel H:\vbox-6.1.36\src\VBox\Main\src-all\win\VBoxProxyStub.c(964) long __cdecl vbpsCreateRegKeyWithDefaultValueAAEx(struct VBPSREGSTATE *,struct HKEY__ *,const char *,const char *,struct HKEY__ **,unsigned int): VBPS_LOGREL_NO_ASSERT(rc == ERROR_ACCESS_DENIED)
00:00:00.044855 main     1582: create key '{20191216-8384-11e9-921d-8b984e28a686}'(/Default='IStringFormValue') -> 5
00:00:00.044921 main     AssertLogRel H:\vbox-6.1.36\src\VBox\Main\src-all\win\VBoxProxyStub.c(869) long __cdecl vbpsCreateRegKeyA(struct VBPSREGSTATE *,struct HKEY__ *,const char *,struct HKEY__ **,unsigned int): VBPS_LOGREL_NO_ASSERT(rc == ERROR_ACCESS_DENIED)
00:00:00.044926 main     1582: create key '{20191216-8084-11e9-b185-dbe296e54799}' -> 5
00:00:00.044929 main     AssertLogRel H:\vbox-6.1.36\src\VBox\Main\src-all\win\VBoxProxyStub.c(964) long __cdecl vbpsCreateRegKeyWithDefaultValueAAEx(struct VBPSREGSTATE *,struct HKEY__ *,const char *,const char *,struct HKEY__ **,unsigned int): VBPS_LOGREL_NO_ASSERT(rc == ERROR_ACCESS_DENIED)
00:00:00.044933 main     1582: create key '{20191216-8084-11e9-b185-dbe296e54799}'(/Default='IDisplaySourceBitmap') -> 5
00:00:00.044988 main     AssertLogRel H:\vbox-6.1.36\src\VBox\Main\src-all\win\VBoxProxyStub.c(869) long __cdecl vbpsCreateRegKeyA(struct VBPSREGSTATE *,struct HKEY__ *,const char *,struct HKEY__ **,unsigned int): VBPS_LOGREL_NO_ASSERT(rc == ERROR_ACCESS_DENIED)
00:00:00.044994 main     1582: create key '{20191216-aa82-4720-bc84-bd097b2b13b8}' -> 5
00:00:00.044997 main     AssertLogRel H:\vbox-6.1.36\src\VBox\Main\src-all\win\VBoxProxyStub.c(964) long __cdecl vbpsCreateRegKeyWithDefaultValueAAEx(struct VBPSREGSTATE *,struct HKEY__ *,const char *,const char *,struct HKEY__ **,unsigned int): VBPS_LOGREL_NO_ASSERT(rc == ERROR_ACCESS_DENIED)
00:00:00.045001 main     1582: create key '{20191216-aa82-4720-bc84-bd097b2b13b8}'(/Default='IGuestAdditionsStatusChangedEvent') -> 5
00:00:00.045056 main     AssertLogRel H:\vbox-6.1.36\src\VBox\Main\src-all\win\VBoxProxyStub.c(869) long __cdecl vbpsCreateRegKeyA(struct VBPSREGSTATE *,struct HKEY__ *,const char *,struct HKEY__ **,unsigned int): VBPS_LOGREL_NO_ASSERT(rc == ERROR_ACCESS_DENIED)
00:00:00.045062 main     1582: create key '{20191216-c380-4510-bc7c-19314a7352f1}' -> 5
00:00:00.045065 main     AssertLogRel H:\vbox-6.1.36\src\VBox\Main\src-all\win\VBoxProxyStub.c(964) long __cdecl vbpsCreateRegKeyWithDefaultValueAAEx(struct VBPSREGSTATE *,struct HKEY__ *,const char *,const char *,struct HKEY__ **,unsigned int): VBPS_LOGREL_NO_ASSERT(rc == ERROR_ACCESS_DENIED)
00:00:00.045069 main     1582: create key '{20191216-c380-4510-bc7c-19314a7352f1}'(/Default='INATRedirectEvent') -> 5
00:00:00.045122 main     AssertLogRel H:\vbox-6.1.36\src\VBox\Main\src-all\win\VBoxProxyStub.c(869) long __cdecl vbpsCreateRegKeyA(struct VBPSREGSTATE *,struct HKEY__ *,const char *,struct HKEY__ **,unsigned int): VBPS_LOGREL_NO_ASSERT(rc == ERROR_ACCESS_DENIED)
00:00:00.045128 main     1582: create key '{20191216-647d-45ac-8fe9-f49b3183ba37}' -> 5
00:00:00.045131 main     AssertLogRel H:\vbox-6.1.36\src\VBox\Main\src-all\win\VBoxProxyStub.c(964) long __cdecl vbpsCreateRegKeyWithDefaultValueAAEx(struct VBPSREGSTATE *,struct HKEY__ *,const char *,const char *,struct HKEY__ **,unsigned int): VBPS_LOGREL_NO_ASSERT(rc == ERROR_ACCESS_DENIED)
00:00:00.045135 main     1582: create key '{20191216-647d-45ac-8fe9-f49b3183ba37}'(/Default='IGuestSessionEvent') -> 5
00:00:00.045191 main     AssertLogRel H:\vbox-6.1.36\src\VBox\Main\src-all\win\VBoxProxyStub.c(869) long __cdecl vbpsCreateRegKeyA(struct VBPSREGSTATE *,struct HKEY__ *,const char *,struct HKEY__ **,unsigned int): VBPS_LOGREL_NO_ASSERT(rc == ERROR_ACCESS_DENIED)
00:00:00.045198 main     1582: create key '{20191216-057d-4391-b928-f14b06b710c5}' -> 5
00:00:00.045202 main     AssertLogRel H:\vbox-6.1.36\src\VBox\Main\src-all\win\VBoxProxyStub.c(964) long __cdecl vbpsCreateRegKeyWithDefaultValueAAEx(struct VBPSREGSTATE *,struct HKEY__ *,const char *,const char *,struct HKEY__ **,unsigned int): VBPS_LOGREL_NO_ASSERT(rc == ERROR_ACCESS_DENIED)
00:00:00.045206 main     1582: create key '{20191216-057d-4391-b928-f14b06b710c5}'(/Default='IGuestFileEvent') -> 5
00:00:00.045258 main     AssertLogRel H:\vbox-6.1.36\src\VBox\Main\src-all\win\VBoxProxyStub.c(869) long __cdecl vbpsCreateRegKeyA(struct VBPSREGSTATE *,struct HKEY__ *,const char *,struct HKEY__ **,unsigned int): VBPS_LOGREL_NO_ASSERT(rc == ERROR_ACCESS_DENIED)
00:00:00.045263 main     1582: create key '{20191216-da7c-44c8-a7ac-9f173490446a}' -> 5
00:00:00.045266 main     AssertLogRel H:\vbox-6.1.36\src\VBox\Main\src-all\win\VBoxProxyStub.c(964) long __cdecl vbpsCreateRegKeyWithDefaultValueAAEx(struct VBPSREGSTATE *,struct HKEY__ *,const char *,const char *,struct HKEY__ **,unsigned int): VBPS_LOGREL_NO_ASSERT(rc == ERROR_ACCESS_DENIED)
00:00:00.045270 main     1582: create key '{20191216-da7c-44c8-a7ac-9f173490446a}'(/Default='IAdditionsStateChangedEvent') -> 5
00:00:00.045320 main     AssertLogRel H:\vbox-6.1.36\src\VBox\Main\src-all\win\VBoxProxyStub.c(869) long __cdecl vbpsCreateRegKeyA(struct VBPSREGSTATE *,struct HKEY__ *,const char *,struct HKEY__ **,unsigned int): VBPS_LOGREL_NO_ASSERT(rc == ERROR_ACCESS_DENIED)
00:00:00.045324 main     1582: create key '{20191216-cc7b-431b-98b2-951fda8eab89}' -> 5
00:00:00.045328 main     AssertLogRel H:\vbox-6.1.36\src\VBox\Main\src-all\win\VBoxProxyStub.c(964) long __cdecl vbpsCreateRegKeyWithDefaultValueAAEx(struct VBPSREGSTATE *,struct HKEY__ *,const char *,const char *,struct HKEY__ **,unsigned int): VBPS_LOGREL_NO_ASSERT(rc == ERROR_ACCESS_DENIED)
00:00:00.045331 main     1582: create key '{20191216-cc7b-431b-98b2-951fda8eab89}'(/Default='IHostUSBDevice') -> 5
00:00:00.045378 main     AssertLogRel H:\vbox-6.1.36\src\VBox\Main\src-all\win\VBoxProxyStub.c(869) long __cdecl vbpsCreateRegKeyA(struct VBPSREGSTATE *,struct HKEY__ *,const char *,struct HKEY__ **,unsigned int): VBPS_LOGREL_NO_ASSERT(rc == ERROR_ACCESS_DENIED)
00:00:00.045383 main     1582: create key '{20191216-787b-44ab-b343-a082a3f2dfb1}' -> 5
00:00:00.045386 main     AssertLogRel H:\vbox-6.1.36\src\VBox\Main\src-all\win\VBoxProxyStub.c(964) long __cdecl vbpsCreateRegKeyWithDefaultValueAAEx(struct VBPSREGSTATE *,struct HKEY__ *,const char *,const char *,struct HKEY__ **,unsigned int): VBPS_LOGREL_NO_ASSERT(rc == ERROR_ACCESS_DENIED)
00:00:00.045390 main     1582: create key '{20191216-787b-44ab-b343-a082a3f2dfb1}'(/Default='IMedium') -> 5
00:00:00.045440 main     AssertLogRel H:\vbox-6.1.36\src\VBox\Main\src-all\win\VBoxProxyStub.c(869) long __cdecl vbpsCreateRegKeyA(struct VBPSREGSTATE *,struct HKEY__ *,const char *,struct HKEY__ **,unsigned int): VBPS_LOGREL_NO_ASSERT(rc == ERROR_ACCESS_DENIED)
00:00:00.045444 main     1582: create key '{20191216-477a-2497-6759-88b8292a5af0}' -> 5
00:00:00.045448 main     AssertLogRel H:\vbox-6.1.36\src\VBox\Main\src-all\win\VBoxProxyStub.c(964) long __cdecl vbpsCreateRegKeyWithDefaultValueAAEx(struct VBPSREGSTATE *,struct HKEY__ *,const char *,const char *,struct HKEY__ **,unsigned int): VBPS_LOGREL_NO_ASSERT(rc == ERROR_ACCESS_DENIED)
00:00:00.045452 main     1582: create key '{20191216-477a-2497-6759-88b8292a5af0}'(/Default='IEmulatedUSB') -> 5
00:00:00.045503 main     AssertLogRel H:\vbox-6.1.36\src\VBox\Main\src-all\win\VBoxProxyStub.c(869) long __cdecl vbpsCreateRegKeyA(struct VBPSREGSTATE *,struct HKEY__ *,const char *,struct HKEY__ **,unsigned int): VBPS_LOGREL_NO_ASSERT(rc == ERROR_ACCESS_DENIED)
00:00:00.045510 main     1582: create key '{20191216-8079-447a-a33e-47a69c7980db}' -> 5
00:00:00.045514 main     AssertLogRel H:\vbox-6.1.36\src\VBox\Main\src-all\win\VBoxProxyStub.c(964) long __cdecl vbpsCreateRegKeyWithDefaultValueAAEx(struct VBPSREGSTATE *,struct HKEY__ *,const char *,const char *,struct HKEY__ **,unsigned int): VBPS_LOGREL_NO_ASSERT(rc == ERROR_ACCESS_DENIED)
00:00:00.045518 main     1582: create key '{20191216-8079-447a-a33e-47a69c7980db}'(/Default='ISnapshotChangedEvent') -> 5
00:00:00.045570 main     AssertLogRel H:\vbox-6.1.36\src\VBox\Main\src-all\win\VBoxProxyStub.c(869) long __cdecl vbpsCreateRegKeyA(struct VBPSREGSTATE *,struct HKEY__ *,const char *,struct HKEY__ **,unsigned int): VBPS_LOGREL_NO_ASSERT(rc == ERROR_ACCESS_DENIED)
00:00:00.045574 main     1582: create key '{20191216-6679-422a-b629-51b06b0c6d93}' -> 5
00:00:00.045577 main     AssertLogRel H:\vbox-6.1.36\src\VBox\Main\src-all\win\VBoxProxyStub.c(964) long __cdecl vbpsCreateRegKeyWithDefaultValueAAEx(struct VBPSREGSTATE *,struct HKEY__ *,const char *,const char *,struct HKEY__ **,unsigned int): VBPS_LOGREL_NO_ASSERT(rc == ERROR_ACCESS_DENIED)
00:00:00.045581 main     1582: create key '{20191216-6679-422a-b629-51b06b0c6d93}'(/Default='IUSBDeviceStateChangedEvent') -> 5
00:00:00.045640 main     AssertLogRel H:\vbox-6.1.36\src\VBox\Main\src-all\win\VBoxProxyStub.c(869) long __cdecl vbpsCreateRegKeyA(struct VBPSREGSTATE *,struct HKEY__ *,const char *,struct HKEY__ **,unsigned int): VBPS_LOGREL_NO_ASSERT(rc == ERROR_ACCESS_DENIED)
00:00:00.045645 main     1582: create key '{20191216-0b79-4350-bdd9-a0376cd6e6e3}' -> 5
00:00:00.045649 main     AssertLogRel H:\vbox-6.1.36\src\VBox\Main\src-all\win\VBoxProxyStub.c(964) long __cdecl vbpsCreateRegKeyWithDefaultValueAAEx(struct VBPSREGSTATE *,struct HKEY__ *,const char *,const char *,struct HKEY__ **,unsigned int): VBPS_LOGREL_NO_ASSERT(rc == ERROR_ACCESS_DENIED)
00:00:00.045653 main     1582: create key '{20191216-0b79-4350-bdd9-a0376cd6e6e3}'(/Default='IExtPackBase') -> 5
00:00:00.045705 main     AssertLogRel H:\vbox-6.1.36\src\VBox\Main\src-all\win\VBoxProxyStub.c(869) long __cdecl vbpsCreateRegKeyA(struct VBPSREGSTATE *,struct HKEY__ *,const char *,struct HKEY__ **,unsigned int): VBPS_LOGREL_NO_ASSERT(rc == ERROR_ACCESS_DENIED)
00:00:00.045710 main     1582: create key '{20191216-0979-486c-baa1-3abb144dc82d}' -> 5
00:00:00.045713 main     AssertLogRel H:\vbox-6.1.36\src\VBox\Main\src-all\win\VBoxProxyStub.c(964) long __cdecl vbpsCreateRegKeyWithDefaultValueAAEx(struct VBPSREGSTATE *,struct HKEY__ *,const char *,const char *,struct HKEY__ **,unsigned int): VBPS_LOGREL_NO_ASSERT(rc == ERROR_ACCESS_DENIED)
00:00:00.045717 main     1582: create key '{20191216-0979-486c-baa1-3abb144dc82d}'(/Default='IGuestFileStateChangedEvent') -> 5
00:00:00.045778 main     AssertLogRel H:\vbox-6.1.36\src\VBox\Main\src-all\win\VBoxProxyStub.c(869) long __cdecl vbpsCreateRegKeyA(struct VBPSREGSTATE *,struct HKEY__ *,const char *,struct HKEY__ **,unsigned int): VBPS_LOGREL_NO_ASSERT(rc == ERROR_ACCESS_DENIED)
00:00:00.045784 main     1582: create key '{20191216-3e78-11e9-b25e-7768f80c0e07}' -> 5
00:00:00.045789 main     AssertLogRel H:\vbox-6.1.36\src\VBox\Main\src-all\win\VBoxProxyStub.c(964) long __cdecl vbpsCreateRegKeyWithDefaultValueAAEx(struct VBPSREGSTATE *,struct HKEY__ *,const char *,const char *,struct HKEY__ **,unsigned int): VBPS_LOGREL_NO_ASSERT(rc == ERROR_ACCESS_DENIED)
00:00:00.045794 main     1582: create key '{20191216-3e78-11e9-b25e-7768f80c0e07}'(/Default='IFormValue') -> 5
00:00:00.045851 main     AssertLogRel H:\vbox-6.1.36\src\VBox\Main\src-all\win\VBoxProxyStub.c(869) long __cdecl vbpsCreateRegKeyA(struct VBPSREGSTATE *,struct HKEY__ *,const char *,struct HKEY__ **,unsigned int): VBPS_LOGREL_NO_ASSERT(rc == ERROR_ACCESS_DENIED)
00:00:00.045856 main     1582: create key '{20191216-6b76-4805-8fab-00a9dcf4732b}' -> 5
00:00:00.045860 main     AssertLogRel H:\vbox-6.1.36\src\VBox\Main\src-all\win\VBoxProxyStub.c(964) long __cdecl vbpsCreateRegKeyWithDefaultValueAAEx(struct VBPSREGSTATE *,struct HKEY__ *,const char *,const char *,struct HKEY__ **,unsigned int): VBPS_LOGREL_NO_ASSERT(rc == ERROR_ACCESS_DENIED)
00:00:00.045866 main     1582: create key '{20191216-6b76-4805-8fab-00a9dcf4732b}'(/Default='IFramebufferOverlay') -> 5
00:00:00.045924 main     AssertLogRel H:\vbox-6.1.36\src\VBox\Main\src-all\win\VBoxProxyStub.c(869) long __cdecl vbpsCreateRegKeyA(struct VBPSREGSTATE *,struct HKEY__ *,const char *,struct HKEY__ **,unsigned int): VBPS_LOGREL_NO_ASSERT(rc == ERROR_ACCESS_DENIED)
00:00:00.045929 main     1582: create key '{20191216-4a75-437e-b0bb-7e7c90d0df2a}' -> 5
00:00:00.045932 main     AssertLogRel H:\vbox-6.1.36\src\VBox\Main\src-all\win\VBoxProxyStub.c(964) long __cdecl vbpsCreateRegKeyWithDefaultValueAAEx(struct VBPSREGSTATE *,struct HKEY__ *,const char *,const char *,struct HKEY__ **,unsigned int): VBPS_LOGREL_NO_ASSERT(rc == ERROR_ACCESS_DENIED)
00:00:00.045935 main     1582: create key '{20191216-4a75-437e-b0bb-7e7c90d0df2a}'(/Default='IGuestSession') -> 5
00:00:00.045987 main     AssertLogRel H:\vbox-6.1.36\src\VBox\Main\src-all\win\VBoxProxyStub.c(869) long __cdecl vbpsCreateRegKeyA(struct VBPSREGSTATE *,struct HKEY__ *,const char *,struct HKEY__ **,unsigned int): VBPS_LOGREL_NO_ASSERT(rc == ERROR_ACCESS_DENIED)
00:00:00.045993 main     1582: create key '{20191216-4974-a19c-4dc6-cc98c2269626}' -> 5
00:00:00.045996 main     AssertLogRel H:\vbox-6.1.36\src\VBox\Main\src-all\win\VBoxProxyStub.c(964) long __cdecl vbpsCreateRegKeyWithDefaultValueAAEx(struct VBPSREGSTATE *,struct HKEY__ *,const char *,const char *,struct HKEY__ **,unsigned int): VBPS_LOGREL_NO_ASSERT(rc == ERROR_ACCESS_DENIED)
00:00:00.046000 main     1582: create key '{20191216-4974-a19c-4dc6-cc98c2269626}'(/Default='IGuestDirectory') -> 5
00:00:00.046054 main     AssertLogRel H:\vbox-6.1.36\src\VBox\Main\src-all\win\VBoxProxyStub.c(869) long __cdecl vbpsCreateRegKeyA(struct VBPSREGSTATE *,struct HKEY__ *,const char *,struct HKEY__ **,unsigned int): VBPS_LOGREL_NO_ASSERT(rc == ERROR_ACCESS_DENIED)
00:00:00.046059 main     1582: create key '{20191216-7e72-4f34-b8f6-682785620c57}' -> 5
00:00:00.046063 main     AssertLogRel H:\vbox-6.1.36\src\VBox\Main\src-all\win\VBoxProxyStub.c(964) long __cdecl vbpsCreateRegKeyWithDefaultValueAAEx(struct VBPSREGSTATE *,struct HKEY__ *,const char *,const char *,struct HKEY__ **,unsigned int): VBPS_LOGREL_NO_ASSERT(rc == ERROR_ACCESS_DENIED)
00:00:00.046066 main     1582: create key '{20191216-7e72-4f34-b8f6-682785620c57}'(/Default='IExtPackFile') -> 5
00:00:00.046119 main     AssertLogRel H:\vbox-6.1.36\src\VBox\Main\src-all\win\VBoxProxyStub.c(869) long __cdecl vbpsCreateRegKeyA(struct VBPSREGSTATE *,struct HKEY__ *,const char *,struct HKEY__ **,unsigned int): VBPS_LOGREL_NO_ASSERT(rc == ERROR_ACCESS_DENIED)
00:00:00.046125 main     1582: create key '{20191216-7071-4894-93d6-dcbec010fa91}' -> 5
00:00:00.046129 main     AssertLogRel H:\vbox-6.1.36\src\VBox\Main\src-all\win\VBoxProxyStub.c(964) long __cdecl vbpsCreateRegKeyWithDefaultValueAAEx(struct VBPSREGSTATE *,struct HKEY__ *,const char *,const char *,struct HKEY__ **,unsigned int): VBPS_LOGREL_NO_ASSERT(rc == ERROR_ACCESS_DENIED)
00:00:00.046133 main     1582: create key '{20191216-7071-4894-93d6-dcbec010fa91}'(/Default='INetworkAdapter') -> 5
00:00:00.046187 main     AssertLogRel H:\vbox-6.1.36\src\VBox\Main\src-all\win\VBoxProxyStub.c(869) long __cdecl vbpsCreateRegKeyA(struct VBPSREGSTATE *,struct HKEY__ *,const char *,struct HKEY__ **,unsigned int): VBPS_LOGREL_NO_ASSERT(rc == ERROR_ACCESS_DENIED)
00:00:00.046193 main     1582: create key '{20191216-9070-4f9c-b0d5-53054496dbe0}' -> 5
00:00:00.046196 main     AssertLogRel H:\vbox-6.1.36\src\VBox\Main\src-all\win\VBoxProxyStub.c(964) long __cdecl vbpsCreateRegKeyWithDefaultValueAAEx(struct VBPSREGSTATE *,struct HKEY__ *,const char *,const char *,struct HKEY__ **,unsigned int): VBPS_LOGREL_NO_ASSERT(rc == ERROR_ACCESS_DENIED)
00:00:00.046200 main     1582: create key '{20191216-9070-4f9c-b0d5-53054496dbe0}'(/Default='IMousePointerShape') -> 5
00:00:00.046274 main     AssertLogRel H:\vbox-6.1.36\src\VBox\Main\src-all\win\VBoxProxyStub.c(869) long __cdecl vbpsCreateRegKeyA(struct VBPSREGSTATE *,struct HKEY__ *,const char *,struct HKEY__ **,unsigned int): VBPS_LOGREL_NO_ASSERT(rc == ERROR_ACCESS_DENIED)
00:00:00.046288 main     1582: create key '{20191216-486f-40db-9150-deee3fd24189}' -> 5
00:00:00.046291 main     AssertLogRel H:\vbox-6.1.36\src\VBox\Main\src-all\win\VBoxProxyStub.c(964) long __cdecl vbpsCreateRegKeyWithDefaultValueAAEx(struct VBPSREGSTATE *,struct HKEY__ *,const char *,const char *,struct HKEY__ **,unsigned int): VBPS_LOGREL_NO_ASSERT(rc == ERROR_ACCESS_DENIED)
00:00:00.046294 main     1582: create key '{20191216-486f-40db-9150-deee3fd24189}'(/Default='IGuestFileReadEvent') -> 5
00:00:00.046351 main     AssertLogRel H:\vbox-6.1.36\src\VBox\Main\src-all\win\VBoxProxyStub.c(869) long __cdecl vbpsCreateRegKeyA(struct VBPSREGSTATE *,struct HKEY__ *,const char *,struct HKEY__ **,unsigned int): VBPS_LOGREL_NO_ASSERT(rc == ERROR_ACCESS_DENIED)
00:00:00.046354 main     1582: create key '{20191216-486e-472f-481b-969746af2480}' -> 5
00:00:00.046357 main     AssertLogRel H:\vbox-6.1.36\src\VBox\Main\src-all\win\VBoxProxyStub.c(964) long __cdecl vbpsCreateRegKeyWithDefaultValueAAEx(struct VBPSREGSTATE *,struct HKEY__ *,const char *,const char *,struct HKEY__ **,unsigned int): VBPS_LOGREL_NO_ASSERT(rc == ERROR_ACCESS_DENIED)
00:00:00.046359 main     1582: create key '{20191216-486e-472f-481b-969746af2480}'(/Default='IGuestFileSizeChangedEvent') -> 5
00:00:00.046409 main     AssertLogRel H:\vbox-6.1.36\src\VBox\Main\src-all\win\VBoxProxyStub.c(869) long __cdecl vbpsCreateRegKeyA(struct VBPSREGSTATE *,struct HKEY__ *,const char *,struct HKEY__ **,unsigned int): VBPS_LOGREL_NO_ASSERT(rc == ERROR_ACCESS_DENIED)
00:00:00.046412 main     1582: create key '{20191216-416b-4181-8c4a-45ec95177aef}' -> 5
00:00:00.046414 main     AssertLogRel H:\vbox-6.1.36\src\VBox\Main\src-all\win\VBoxProxyStub.c(964) long __cdecl vbpsCreateRegKeyWithDefaultValueAAEx(struct VBPSREGSTATE *,struct HKEY__ *,const char *,const char *,struct HKEY__ **,unsigned int): VBPS_LOGREL_NO_ASSERT(rc == ERROR_ACCESS_DENIED)
00:00:00.046417 main     1582: create key '{20191216-416b-4181-8c4a-45ec95177aef}'(/Default='IMousePointerShapeChangedEvent') -> 5
00:00:00.046459 main     AssertLogRel H:\vbox-6.1.36\src\VBox\Main\src-all\win\VBoxProxyStub.c(869) long __cdecl vbpsCreateRegKeyA(struct VBPSREGSTATE *,struct HKEY__ *,const char *,struct HKEY__ **,unsigned int): VBPS_LOGREL_NO_ASSERT(rc == ERROR_ACCESS_DENIED)
00:00:00.046462 main     1582: create key '{20191216-7e67-4144-bf34-41c38e8b4cc7}' -> 5
00:00:00.046464 main     AssertLogRel H:\vbox-6.1.36\src\VBox\Main\src-all\win\VBoxProxyStub.c(964) long __cdecl vbpsCreateRegKeyWithDefaultValueAAEx(struct VBPSREGSTATE *,struct HKEY__ *,const char *,const char *,struct HKEY__ **,unsigned int): VBPS_LOGREL_NO_ASSERT(rc == ERROR_ACCESS_DENIED)
00:00:00.046466 main     1582: create key '{20191216-7e67-4144-bf34-41c38e8b4cc7}'(/Default='IBIOSSettings') -> 5
00:00:00.046506 main     AssertLogRel H:\vbox-6.1.36\src\VBox\Main\src-all\win\VBoxProxyStub.c(869) long __cdecl vbpsCreateRegKeyA(struct VBPSREGSTATE *,struct HKEY__ *,const char *,struct HKEY__ **,unsigned int): VBPS_LOGREL_NO_ASSERT(rc == ERROR_ACCESS_DENIED)
00:00:00.046509 main     1582: create key '{20191216-7966-481d-ab0b-d0ed73e28135}' -> 5
00:00:00.046512 main     AssertLogRel H:\vbox-6.1.36\src\VBox\Main\src-all\win\VBoxProxyStub.c(964) long __cdecl vbpsCreateRegKeyWithDefaultValueAAEx(struct VBPSREGSTATE *,struct HKEY__ *,const char *,const char *,struct HKEY__ **,unsigned int): VBPS_LOGREL_NO_ASSERT(rc == ERROR_ACCESS_DENIED)
00:00:00.046514 main     1582: create key '{20191216-7966-481d-ab0b-d0ed73e28135}'(/Default='IVirtualBoxErrorInfo') -> 5
00:00:00.046561 main     AssertLogRel H:\vbox-6.1.36\src\VBox\Main\src-all\win\VBoxProxyStub.c(869) long __cdecl vbpsCreateRegKeyA(struct VBPSREGSTATE *,struct HKEY__ *,const char *,struct HKEY__ **,unsigned int): VBPS_LOGREL_NO_ASSERT(rc == ERROR_ACCESS_DENIED)
00:00:00.046567 main     1582: create key '{20191216-0c65-11ea-ad23-0ff257c71a7f}' -> 5
00:00:00.046569 main     AssertLogRel H:\vbox-6.1.36\src\VBox\Main\src-all\win\VBoxProxyStub.c(964) long __cdecl vbpsCreateRegKeyWithDefaultValueAAEx(struct VBPSREGSTATE *,struct HKEY__ *,const char *,const char *,struct HKEY__ **,unsigned int): VBPS_LOGREL_NO_ASSERT(rc == ERROR_ACCESS_DENIED)
00:00:00.046572 main     1582: create key '{20191216-0c65-11ea-ad23-0ff257c71a7f}'(/Default='ICloudNetworkGatewayInfo') -> 5
00:00:00.046612 main     AssertLogRel H:\vbox-6.1.36\src\VBox\Main\src-all\win\VBoxProxyStub.c(869) long __cdecl vbpsCreateRegKeyA(struct VBPSREGSTATE *,struct HKEY__ *,const char *,struct HKEY__ **,unsigned int): VBPS_LOGREL_NO_ASSERT(rc == ERROR_ACCESS_DENIED)
00:00:00.046615 main     1582: create key '{20191216-cb63-47a1-84fb-02c4894b89a9}' -> 5
00:00:00.046617 main     AssertLogRel H:\vbox-6.1.36\src\VBox\Main\src-all\win\VBoxProxyStub.c(964) long __cdecl vbpsCreateRegKeyWithDefaultValueAAEx(struct VBPSREGSTATE *,struct HKEY__ *,const char *,const char *,struct HKEY__ **,unsigned int): VBPS_LOGREL_NO_ASSERT(rc == ERROR_ACCESS_DENIED)
00:00:00.046619 main     1582: create key '{20191216-cb63-47a1-84fb-02c4894b89a9}'(/Default='IHostNameResolutionConfigurationChangeEvent') -> 5
00:00:00.046667 main     AssertLogRel H:\vbox-6.1.36\src\VBox\Main\src-all\win\VBoxProxyStub.c(869) long __cdecl vbpsCreateRegKeyA(struct VBPSREGSTATE *,struct HKEY__ *,const char *,struct HKEY__ **,unsigned int): VBPS_LOGREL_NO_ASSERT(rc == ERROR_ACCESS_DENIED)
00:00:00.046670 main     1582: create key '{20191216-a862-4dc9-8c89-bf4ba74a886a}' -> 5
00:00:00.046672 main     AssertLogRel H:\vbox-6.1.36\src\VBox\Main\src-all\win\VBoxProxyStub.c(964) long __cdecl vbpsCreateRegKeyWithDefaultValueAAEx(struct VBPSREGSTATE *,struct HKEY__ *,const char *,const char *,struct HKEY__ **,unsigned int): VBPS_LOGREL_NO_ASSERT(rc == ERROR_ACCESS_DENIED)
00:00:00.046675 main     1582: create key '{20191216-a862-4dc9-8c89-bf4ba74a886a}'(/Default='IMediumFormat') -> 5
00:00:00.046716 main     AssertLogRel H:\vbox-6.1.36\src\VBox\Main\src-all\win\VBoxProxyStub.c(869) long __cdecl vbpsCreateRegKeyA(struct VBPSREGSTATE *,struct HKEY__ *,const char *,struct HKEY__ **,unsigned int): VBPS_LOGREL_NO_ASSERT(rc == ERROR_ACCESS_DENIED)
00:00:00.046719 main     1582: create key '{20191216-ee61-462f-aed3-0dff6cbf9904}' -> 5
00:00:00.046721 main     AssertLogRel H:\vbox-6.1.36\src\VBox\Main\src-all\win\VBoxProxyStub.c(964) long __cdecl vbpsCreateRegKeyWithDefaultValueAAEx(struct VBPSREGSTATE *,struct HKEY__ *,const char *,const char *,struct HKEY__ **,unsigned int): VBPS_LOGREL_NO_ASSERT(rc == ERROR_ACCESS_DENIED)
00:00:00.046723 main     1582: create key '{20191216-ee61-462f-aed3-0dff6cbf9904}'(/Default='IGuestSessionStateChangedEvent') -> 5
00:00:00.046764 main     AssertLogRel H:\vbox-6.1.36\src\VBox\Main\src-all\win\VBoxProxyStub.c(869) long __cdecl vbpsCreateRegKeyA(struct VBPSREGSTATE *,struct HKEY__ *,const char *,struct HKEY__ **,unsigned int): VBPS_LOGREL_NO_ASSERT(rc == ERROR_ACCESS_DENIED)
00:00:00.046767 main     1582: create key '{20191216-a161-41f1-b583-4892f4a9d5d5}' -> 5
00:00:00.046769 main     AssertLogRel H:\vbox-6.1.36\src\VBox\Main\src-all\win\VBoxProxyStub.c(964) long __cdecl vbpsCreateRegKeyWithDefaultValueAAEx(struct VBPSREGSTATE *,struct HKEY__ *,const char *,const char *,struct HKEY__ **,unsigned int): VBPS_LOGREL_NO_ASSERT(rc == ERROR_ACCESS_DENIED)
00:00:00.046771 main     1582: create key '{20191216-a161-41f1-b583-4892f4a9d5d5}'(/Default='IMediumConfigChangedEvent') -> 5
00:00:00.046810 main     AssertLogRel H:\vbox-6.1.36\src\VBox\Main\src-all\win\VBoxProxyStub.c(869) long __cdecl vbpsCreateRegKeyA(struct VBPSREGSTATE *,struct HKEY__ *,const char *,struct HKEY__ **,unsigned int): VBPS_LOGREL_NO_ASSERT(rc == ERROR_ACCESS_DENIED)
00:00:00.046814 main     1582: create key '{20191216-0c60-11ea-a0ea-07eb0d1c4ead}' -> 5
00:00:00.046817 main     AssertLogRel H:\vbox-6.1.36\src\VBox\Main\src-all\win\VBoxProxyStub.c(964) long __cdecl vbpsCreateRegKeyWithDefaultValueAAEx(struct VBPSREGSTATE *,struct HKEY__ *,const char *,const char *,struct HKEY__ **,unsigned int): VBPS_LOGREL_NO_ASSERT(rc == ERROR_ACCESS_DENIED)
00:00:00.046822 main     1582: create key '{20191216-0c60-11ea-a0ea-07eb0d1c4ead}'(/Default='ICloudClient') -> 5
00:00:00.046898 main     AssertLogRel H:\vbox-6.1.36\src\VBox\Main\src-all\win\VBoxProxyStub.c(869) long __cdecl vbpsCreateRegKeyA(struct VBPSREGSTATE *,struct HKEY__ *,const char *,struct HKEY__ **,unsigned int): VBPS_LOGREL_NO_ASSERT(rc == ERROR_ACCESS_DENIED)
00:00:00.046910 main     1582: create key '{20191216-735f-4fde-8a54-427d49409b5f}' -> 5
00:00:00.046913 main     AssertLogRel H:\vbox-6.1.36\src\VBox\Main\src-all\win\VBoxProxyStub.c(964) long __cdecl vbpsCreateRegKeyWithDefaultValueAAEx(struct VBPSREGSTATE *,struct HKEY__ *,const char *,const char *,struct HKEY__ **,unsigned int): VBPS_LOGREL_NO_ASSERT(rc == ERROR_ACCESS_DENIED)
00:00:00.046917 main     1582: create key '{20191216-735f-4fde-8a54-427d49409b5f}'(/Default='ICloudNetwork') -> 5
00:00:00.046980 main     AssertLogRel H:\vbox-6.1.36\src\VBox\Main\src-all\win\VBoxProxyStub.c(869) long __cdecl vbpsCreateRegKeyA(struct VBPSREGSTATE *,struct HKEY__ *,const char *,struct HKEY__ **,unsigned int): VBPS_LOGREL_NO_ASSERT(rc == ERROR_ACCESS_DENIED)
00:00:00.046984 main     1582: create key '{20191216-b45c-48ae-8b36-d35e83d207aa}' -> 5
00:00:00.046988 main     AssertLogRel H:\vbox-6.1.36\src\VBox\Main\src-all\win\VBoxProxyStub.c(964) long __cdecl vbpsCreateRegKeyWithDefaultValueAAEx(struct VBPSREGSTATE *,struct HKEY__ *,const char *,const char *,struct HKEY__ **,unsigned int): VBPS_LOGREL_NO_ASSERT(rc == ERROR_ACCESS_DENIED)
00:00:00.046992 main     1582: create key '{20191216-b45c-48ae-8b36-d35e83d207aa}'(/Default='IFramebuffer') -> 5
00:00:00.047071 main     AssertLogRel H:\vbox-6.1.36\src\VBox\Main\src-all\win\VBoxProxyStub.c(869) long __cdecl vbpsCreateRegKeyA(struct VBPSREGSTATE *,struct HKEY__ *,const char *,struct HKEY__ **,unsigned int): VBPS_LOGREL_NO_ASSERT(rc == ERROR_ACCESS_DENIED)
00:00:00.047075 main     1582: create key '{20191216-ff5a-4795-b57a-ecd5fffa18a4}' -> 5
00:00:00.047079 main     AssertLogRel H:\vbox-6.1.36\src\VBox\Main\src-all\win\VBoxProxyStub.c(964) long __cdecl vbpsCreateRegKeyWithDefaultValueAAEx(struct VBPSREGSTATE *,struct HKEY__ *,const char *,const char *,struct HKEY__ **,unsigned int): VBPS_LOGREL_NO_ASSERT(rc == ERROR_ACCESS_DENIED)
00:00:00.047082 main     1582: create key '{20191216-ff5a-4795-b57a-ecd5fffa18a4}'(/Default='ISession') -> 5
00:00:00.047159 main     AssertLogRel H:\vbox-6.1.36\src\VBox\Main\src-all\win\VBoxProxyStub.c(869) long __cdecl vbpsCreateRegKeyA(struct VBPSREGSTATE *,struct HKEY__ *,const char *,struct HKEY__ **,unsigned int): VBPS_LOGREL_NO_ASSERT(rc == ERROR_ACCESS_DENIED)
00:00:00.047168 main     1582: create key '{20191216-1c58-440c-bb7b-3a1397284c7b}' -> 5
00:00:00.047172 main     AssertLogRel H:\vbox-6.1.36\src\VBox\Main\src-all\win\VBoxProxyStub.c(964) long __cdecl vbpsCreateRegKeyWithDefaultValueAAEx(struct VBPSREGSTATE *,struct HKEY__ *,const char *,const char *,struct HKEY__ **,unsigned int): VBPS_LOGREL_NO_ASSERT(rc == ERROR_ACCESS_DENIED)
00:00:00.047174 main     1582: create key '{20191216-1c58-440c-bb7b-3a1397284c7b}'(/Default='IStorageControllerChangedEvent') -> 5
00:00:00.047229 main     AssertLogRel H:\vbox-6.1.36\src\VBox\Main\src-all\win\VBoxProxyStub.c(869) long __cdecl vbpsCreateRegKeyA(struct VBPSREGSTATE *,struct HKEY__ *,const char *,struct HKEY__ **,unsigned int): VBPS_LOGREL_NO_ASSERT(rc == ERROR_ACCESS_DENIED)
00:00:00.047233 main     1582: create key '{20191216-7556-4cbc-8c04-043096b02d82}' -> 5
00:00:00.047235 main     AssertLogRel H:\vbox-6.1.36\src\VBox\Main\src-all\win\VBoxProxyStub.c(964) long __cdecl vbpsCreateRegKeyWithDefaultValueAAEx(struct VBPSREGSTATE *,struct HKEY__ *,const char *,const char *,struct HKEY__ **,unsigned int): VBPS_LOGREL_NO_ASSERT(rc == ERROR_ACCESS_DENIED)
00:00:00.047241 main     1582: create key '{20191216-7556-4cbc-8c04-043096b02d82}'(/Default='IBandwidthGroupChangedEvent') -> 5
00:00:00.047292 main     AssertLogRel H:\vbox-6.1.36\src\VBox\Main\src-all\win\VBoxProxyStub.c(869) long __cdecl vbpsCreateRegKeyA(struct VBPSREGSTATE *,struct HKEY__ *,const char *,struct HKEY__ **,unsigned int): VBPS_LOGREL_NO_ASSERT(rc == ERROR_ACCESS_DENIED)
00:00:00.047296 main     1582: create key '{20191216-b855-40b8-ab0c-44d3515b4528}' -> 5
00:00:00.047300 main     AssertLogRel H:\vbox-6.1.36\src\VBox\Main\src-all\win\VBoxProxyStub.c(964) long __cdecl vbpsCreateRegKeyWithDefaultValueAAEx(struct VBPSREGSTATE *,struct HKEY__ *,const char *,const char *,struct HKEY__ **,unsigned int): VBPS_LOGREL_NO_ASSERT(rc == ERROR_ACCESS_DENIED)
00:00:00.047303 main     1582: create key '{20191216-b855-40b8-ab0c-44d3515b4528}'(/Default='INATNetworkCreationDeletionEvent') -> 5
00:00:00.047348 main     AssertLogRel H:\vbox-6.1.36\src\VBox\Main\src-all\win\VBoxProxyStub.c(869) long __cdecl vbpsCreateRegKeyA(struct VBPSREGSTATE *,struct HKEY__ *,const char *,struct HKEY__ **,unsigned int): VBPS_LOGREL_NO_ASSERT(rc == ERROR_ACCESS_DENIED)
00:00:00.047352 main     1582: create key '{20191216-e254-4e5b-a1f2-011cf991c38d}' -> 5
00:00:00.047354 main     AssertLogRel H:\vbox-6.1.36\src\VBox\Main\src-all\win\VBoxProxyStub.c(964) long __cdecl vbpsCreateRegKeyWithDefaultValueAAEx(struct VBPSREGSTATE *,struct HKEY__ *,const char *,const char *,struct HKEY__ **,unsigned int): VBPS_LOGREL_NO_ASSERT(rc == ERROR_ACCESS_DENIED)
00:00:00.047357 main     1582: create key '{20191216-e254-4e5b-a1f2-011cf991c38d}'(/Default='IVirtualBox') -> 5
00:00:00.047420 main     AssertLogRel H:\vbox-6.1.36\src\VBox\Main\src-all\win\VBoxProxyStub.c(869) long __cdecl vbpsCreateRegKeyA(struct VBPSREGSTATE *,struct HKEY__ *,const char *,struct HKEY__ **,unsigned int): VBPS_LOGREL_NO_ASSERT(rc == ERROR_ACCESS_DENIED)
00:00:00.047429 main     1582: create key '{20191216-cd54-400c-b858-797bcb82570e}' -> 5
00:00:00.047432 main     AssertLogRel H:\vbox-6.1.36\src\VBox\Main\src-all\win\VBoxProxyStub.c(964) long __cdecl vbpsCreateRegKeyWithDefaultValueAAEx(struct VBPSREGSTATE *,struct HKEY__ *,const char *,const char *,struct HKEY__ **,unsigned int): VBPS_LOGREL_NO_ASSERT(rc == ERROR_ACCESS_DENIED)
00:00:00.047434 main     1582: create key '{20191216-cd54-400c-b858-797bcb82570e}'(/Default='IPerformanceCollector') -> 5
00:00:00.047489 main     AssertLogRel H:\vbox-6.1.36\src\VBox\Main\src-all\win\VBoxProxyStub.c(869) long __cdecl vbpsCreateRegKeyA(struct VBPSREGSTATE *,struct HKEY__ *,const char *,struct HKEY__ **,unsigned int): VBPS_LOGREL_NO_ASSERT(rc == ERROR_ACCESS_DENIED)
00:00:00.047492 main     1582: create key '{20191216-2354-4267-883f-2f417d216519}' -> 5
00:00:00.047494 main     AssertLogRel H:\vbox-6.1.36\src\VBox\Main\src-all\win\VBoxProxyStub.c(964) long __cdecl vbpsCreateRegKeyWithDefaultValueAAEx(struct VBPSREGSTATE *,struct HKEY__ *,const char *,const char *,struct HKEY__ **,unsigned int): VBPS_LOGREL_NO_ASSERT(rc == ERROR_ACCESS_DENIED)
00:00:00.047497 main     1582: create key '{20191216-2354-4267-883f-2f417d216519}'(/Default='IVetoEvent') -> 5
00:00:00.047534 main     AssertLogRel H:\vbox-6.1.36\src\VBox\Main\src-all\win\VBoxProxyStub.c(869) long __cdecl vbpsCreateRegKeyA(struct VBPSREGSTATE *,struct HKEY__ *,const char *,struct HKEY__ **,unsigned int): VBPS_LOGREL_NO_ASSERT(rc == ERROR_ACCESS_DENIED)
00:00:00.047537 main     1582: create key '{20191216-4453-4f3e-c9b8-5686939c80b6}' -> 5
00:00:00.047539 main     AssertLogRel H:\vbox-6.1.36\src\VBox\Main\src-all\win\VBoxProxyStub.c(964) long __cdecl vbpsCreateRegKeyWithDefaultValueAAEx(struct VBPSREGSTATE *,struct HKEY__ *,const char *,const char *,struct HKEY__ **,unsigned int): VBPS_LOGREL_NO_ASSERT(rc == ERROR_ACCESS_DENIED)
00:00:00.047542 main     1582: create key '{20191216-4453-4f3e-c9b8-5686939c80b6}'(/Default='IGuestProcess') -> 5
00:00:00.047583 main     AssertLogRel H:\vbox-6.1.36\src\VBox\Main\src-all\win\VBoxProxyStub.c(869) long __cdecl vbpsCreateRegKeyA(struct VBPSREGSTATE *,struct HKEY__ *,const char *,struct HKEY__ **,unsigned int): VBPS_LOGREL_NO_ASSERT(rc == ERROR_ACCESS_DENIED)
00:00:00.047588 main     1582: create key '{20191216-604d-11e9-92d3-53cb473db9fb}' -> 5
00:00:00.047592 main     AssertLogRel H:\vbox-6.1.36\src\VBox\Main\src-all\win\VBoxProxyStub.c(964) long __cdecl vbpsCreateRegKeyWithDefaultValueAAEx(struct VBPSREGSTATE *,struct HKEY__ *,const char *,const char *,struct HKEY__ **,unsigned int): VBPS_LOGREL_NO_ASSERT(rc == ERROR_ACCESS_DENIED)
00:00:00.047594 main     1582: create key '{20191216-604d-11e9-92d3-53cb473db9fb}'(/Default='IStringArray') -> 5
00:00:00.047649 main     AssertLogRel H:\vbox-6.1.36\src\VBox\Main\src-all\win\VBoxProxyStub.c(869) long __cdecl vbpsCreateRegKeyA(struct VBPSREGSTATE *,struct HKEY__ *,const char *,struct HKEY__ **,unsigned int): VBPS_LOGREL_NO_ASSERT(rc == ERROR_ACCESS_DENIED)
00:00:00.047652 main     1582: create key '{20191216-394d-44d3-9edb-af2c4472c40a}' -> 5
00:00:00.047654 main     AssertLogRel H:\vbox-6.1.36\src\VBox\Main\src-all\win\VBoxProxyStub.c(964) long __cdecl vbpsCreateRegKeyWithDefaultValueAAEx(struct VBPSREGSTATE *,struct HKEY__ *,const char *,const char *,struct HKEY__ **,unsigned int): VBPS_LOGREL_NO_ASSERT(rc == ERROR_ACCESS_DENIED)
00:00:00.047657 main     1582: create key '{20191216-394d-44d3-9edb-af2c4472c40a}'(/Default='ICloudNetworkEnvironmentInfo') -> 5
00:00:00.047694 main     AssertLogRel H:\vbox-6.1.36\src\VBox\Main\src-all\win\VBoxProxyStub.c(869) long __cdecl vbpsCreateRegKeyA(struct VBPSREGSTATE *,struct HKEY__ *,const char *,struct HKEY__ **,unsigned int): VBPS_LOGREL_NO_ASSERT(rc == ERROR_ACCESS_DENIED)
00:00:00.047697 main     1582: create key '{20191216-e64a-4908-804e-371cad23a756}' -> 5
00:00:00.047699 main     AssertLogRel H:\vbox-6.1.36\src\VBox\Main\src-all\win\VBoxProxyStub.c(964) long __cdecl vbpsCreateRegKeyWithDefaultValueAAEx(struct VBPSREGSTATE *,struct HKEY__ *,const char *,const char *,struct HKEY__ **,unsigned int): VBPS_LOGREL_NO_ASSERT(rc == ERROR_ACCESS_DENIED)
00:00:00.047702 main     1582: create key '{20191216-e64a-4908-804e-371cad23a756}'(/Default='IMouseCapabilityChangedEvent') -> 5
00:00:00.047739 main     AssertLogRel H:\vbox-6.1.36\src\VBox\Main\src-all\win\VBoxProxyStub.c(869) long __cdecl vbpsCreateRegKeyA(struct VBPSREGSTATE *,struct HKEY__ *,const char *,struct HKEY__ **,unsigned int): VBPS_LOGREL_NO_ASSERT(rc == ERROR_ACCESS_DENIED)
00:00:00.047742 main     1582: create key '{20191216-9849-4f47-813e-24a75dc85615}' -> 5
00:00:00.047744 main     AssertLogRel H:\vbox-6.1.36\src\VBox\Main\src-all\win\VBoxProxyStub.c(964) long __cdecl vbpsCreateRegKeyWithDefaultValueAAEx(struct VBPSREGSTATE *,struct HKEY__ *,const char *,const char *,struct HKEY__ **,unsigned int): VBPS_LOGREL_NO_ASSERT(rc == ERROR_ACCESS_DENIED)
00:00:00.047747 main     1582: create key '{20191216-9849-4f47-813e-24a75dc85615}'(/Default='IParallelPortChangedEvent') -> 5
00:00:00.047785 main     AssertLogRel H:\vbox-6.1.36\src\VBox\Main\src-all\win\VBoxProxyStub.c(869) long __cdecl vbpsCreateRegKeyA(struct VBPSREGSTATE *,struct HKEY__ *,const char *,struct HKEY__ **,unsigned int): VBPS_LOGREL_NO_ASSERT(rc == ERROR_ACCESS_DENIED)
00:00:00.047788 main     1582: create key '{20191216-0547-448e-bc7c-94e9e173bf57}' -> 5
00:00:00.047790 main     AssertLogRel H:\vbox-6.1.36\src\VBox\Main\src-all\win\VBoxProxyStub.c(964) long __cdecl vbpsCreateRegKeyWithDefaultValueAAEx(struct VBPSREGSTATE *,struct HKEY__ *,const char *,const char *,struct HKEY__ **,unsigned int): VBPS_LOGREL_NO_ASSERT(rc == ERROR_ACCESS_DENIED)
00:00:00.047793 main     1582: create key '{20191216-0547-448e-bc7c-94e9e173bf57}'(/Default='IHostUpdate') -> 5
00:00:00.047830 main     AssertLogRel H:\vbox-6.1.36\src\VBox\Main\src-all\win\VBoxProxyStub.c(869) long __cdecl vbpsCreateRegKeyA(struct VBPSREGSTATE *,struct HKEY__ *,const char *,struct HKEY__ **,unsigned int): VBPS_LOGREL_NO_ASSERT(rc == ERROR_ACCESS_DENIED)
00:00:00.047833 main     1582: create key '{20191216-3346-49d6-8f1c-41b0c4784ff2}' -> 5
00:00:00.047837 main     AssertLogRel H:\vbox-6.1.36\src\VBox\Main\src-all\win\VBoxProxyStub.c(964) long __cdecl vbpsCreateRegKeyWithDefaultValueAAEx(struct VBPSREGSTATE *,struct HKEY__ *,const char *,const char *,struct HKEY__ **,unsigned int): VBPS_LOGREL_NO_ASSERT(rc == ERROR_ACCESS_DENIED)
00:00:00.047840 main     1582: create key '{20191216-3346-49d6-8f1c-41b0c4784ff2}'(/Default='IUSBDeviceFilters') -> 5
00:00:00.047878 main     AssertLogRel H:\vbox-6.1.36\src\VBox\Main\src-all\win\VBoxProxyStub.c(869) long __cdecl vbpsCreateRegKeyA(struct VBPSREGSTATE *,struct HKEY__ *,const char *,struct HKEY__ **,unsigned int): VBPS_LOGREL_NO_ASSERT(rc == ERROR_ACCESS_DENIED)
00:00:00.047881 main     1582: create key '{20191216-d545-44aa-8013-181b8c288554}' -> 5
00:00:00.047883 main     AssertLogRel H:\vbox-6.1.36\src\VBox\Main\src-all\win\VBoxProxyStub.c(964) long __cdecl vbpsCreateRegKeyWithDefaultValueAAEx(struct VBPSREGSTATE *,struct HKEY__ *,const char *,const char *,struct HKEY__ **,unsigned int): VBPS_LOGREL_NO_ASSERT(rc == ERROR_ACCESS_DENIED)
00:00:00.047886 main     1582: create key '{20191216-d545-44aa-8013-181b8c288554}'(/Default='IExtPackPlugIn') -> 5
00:00:00.047923 main     AssertLogRel H:\vbox-6.1.36\src\VBox\Main\src-all\win\VBoxProxyStub.c(869) long __cdecl vbpsCreateRegKeyA(struct VBPSREGSTATE *,struct HKEY__ *,const char *,struct HKEY__ **,unsigned int): VBPS_LOGREL_NO_ASSERT(rc == ERROR_ACCESS_DENIED)
00:00:00.047926 main     1582: create key '{20191216-9641-4397-854a-040439d0114b}' -> 5
00:00:00.047928 main     AssertLogRel H:\vbox-6.1.36\src\VBox\Main\src-all\win\VBoxProxyStub.c(964) long __cdecl vbpsCreateRegKeyWithDefaultValueAAEx(struct VBPSREGSTATE *,struct HKEY__ *,const char *,const char *,struct HKEY__ **,unsigned int): VBPS_LOGREL_NO_ASSERT(rc == ERROR_ACCESS_DENIED)
00:00:00.047930 main     1582: create key '{20191216-9641-4397-854a-040439d0114b}'(/Default='IGuestScreenInfo') -> 5
00:00:00.047975 main     AssertLogRel H:\vbox-6.1.36\src\VBox\Main\src-all\win\VBoxProxyStub.c(869) long __cdecl vbpsCreateRegKeyA(struct VBPSREGSTATE *,struct HKEY__ *,const char *,struct HKEY__ **,unsigned int): VBPS_LOGREL_NO_ASSERT(rc == ERROR_ACCESS_DENIED)
00:00:00.047978 main     1582: create key '{20191216-1640-41f9-bd74-3ef5fd653250}' -> 5
00:00:00.047981 main     AssertLogRel H:\vbox-6.1.36\src\VBox\Main\src-all\win\VBoxProxyStub.c(964) long __cdecl vbpsCreateRegKeyWithDefaultValueAAEx(struct VBPSREGSTATE *,struct HKEY__ *,const char *,const char *,struct HKEY__ **,unsigned int): VBPS_LOGREL_NO_ASSERT(rc == ERROR_ACCESS_DENIED)
00:00:00.047983 main     1582: create key '{20191216-1640-41f9-bd74-3ef5fd653250}'(/Default='IKeyboard') -> 5
00:00:00.048020 main     AssertLogRel H:\vbox-6.1.36\src\VBox\Main\src-all\win\VBoxProxyStub.c(869) long __cdecl vbpsCreateRegKeyA(struct VBPSREGSTATE *,struct HKEY__ *,const char *,struct HKEY__ **,unsigned int): VBPS_LOGREL_NO_ASSERT(rc == ERROR_ACCESS_DENIED)
00:00:00.048023 main     1582: create key '{20191216-6038-422c-b45e-6d4a0503d9f1}' -> 5
00:00:00.048025 main     AssertLogRel H:\vbox-6.1.36\src\VBox\Main\src-all\win\VBoxProxyStub.c(964) long __cdecl vbpsCreateRegKeyWithDefaultValueAAEx(struct VBPSREGSTATE *,struct HKEY__ *,const char *,const char *,struct HKEY__ **,unsigned int): VBPS_LOGREL_NO_ASSERT(rc == ERROR_ACCESS_DENIED)
00:00:00.048028 main     1582: create key '{20191216-6038-422c-b45e-6d4a0503d9f1}'(/Default='ISnapshotTakenEvent') -> 5
00:00:00.048065 main     AssertLogRel H:\vbox-6.1.36\src\VBox\Main\src-all\win\VBoxProxyStub.c(869) long __cdecl vbpsCreateRegKeyA(struct VBPSREGSTATE *,struct HKEY__ *,const char *,struct HKEY__ **,unsigned int): VBPS_LOGREL_NO_ASSERT(rc == ERROR_ACCESS_DENIED)
00:00:00.048068 main     1582: create key '{20191216-cf37-453b-9289-3b0f521caf27}' -> 5
00:00:00.048070 main     AssertLogRel H:\vbox-6.1.36\src\VBox\Main\src-all\win\VBoxProxyStub.c(964) long __cdecl vbpsCreateRegKeyWithDefaultValueAAEx(struct VBPSREGSTATE *,struct HKEY__ *,const char *,const char *,struct HKEY__ **,unsigned int): VBPS_LOGREL_NO_ASSERT(rc == ERROR_ACCESS_DENIED)
00:00:00.048074 main     1582: create key '{20191216-cf37-453b-9289-3b0f521caf27}'(/Default='IStateChangedEvent') -> 5
00:00:00.048113 main     AssertLogRel H:\vbox-6.1.36\src\VBox\Main\src-all\win\VBoxProxyStub.c(869) long __cdecl vbpsCreateRegKeyA(struct VBPSREGSTATE *,struct HKEY__ *,const char *,struct HKEY__ **,unsigned int): VBPS_LOGREL_NO_ASSERT(rc == ERROR_ACCESS_DENIED)
00:00:00.048116 main     1582: create key '{20191216-5637-472a-9736-72019eabd7de}' -> 5
00:00:00.048118 main     AssertLogRel H:\vbox-6.1.36\src\VBox\Main\src-all\win\VBoxProxyStub.c(964) long __cdecl vbpsCreateRegKeyWithDefaultValueAAEx(struct VBPSREGSTATE *,struct HKEY__ *,const char *,const char *,struct HKEY__ **,unsigned int): VBPS_LOGREL_NO_ASSERT(rc == ERROR_ACCESS_DENIED)
00:00:00.048121 main     1582: create key '{20191216-5637-472a-9736-72019eabd7de}'(/Default='IMediumChangedEvent') -> 5
00:00:00.048162 main     AssertLogRel H:\vbox-6.1.36\src\VBox\Main\src-all\win\VBoxProxyStub.c(869) long __cdecl vbpsCreateRegKeyA(struct VBPSREGSTATE *,struct HKEY__ *,const char *,struct HKEY__ **,unsigned int): VBPS_LOGREL_NO_ASSERT(rc == ERROR_ACCESS_DENIED)
00:00:00.048165 main     1582: create key '{20191216-4737-457b-99fc-bc52c851a44f}' -> 5
00:00:00.048167 main     AssertLogRel H:\vbox-6.1.36\src\VBox\Main\src-all\win\VBoxProxyStub.c(964) long __cdecl vbpsCreateRegKeyWithDefaultValueAAEx(struct VBPSREGSTATE *,struct HKEY__ *,const char *,const char *,struct HKEY__ **,unsigned int): VBPS_LOGREL_NO_ASSERT(rc == ERROR_ACCESS_DENIED)
00:00:00.048170 main     1582: create key '{20191216-4737-457b-99fc-bc52c851a44f}'(/Default='IKeyboardLedsChangedEvent') -> 5
00:00:00.048212 main     AssertLogRel H:\vbox-6.1.36\src\VBox\Main\src-all\win\VBoxProxyStub.c(869) long __cdecl vbpsCreateRegKeyA(struct VBPSREGSTATE *,struct HKEY__ *,const char *,struct HKEY__ **,unsigned int): VBPS_LOGREL_NO_ASSERT(rc == ERROR_ACCESS_DENIED)
00:00:00.048215 main     1582: create key '{20191216-9536-4ef8-820e-3b0e17e5bbc8}' -> 5
00:00:00.048217 main     AssertLogRel H:\vbox-6.1.36\src\VBox\Main\src-all\win\VBoxProxyStub.c(964) long __cdecl vbpsCreateRegKeyWithDefaultValueAAEx(struct VBPSREGSTATE *,struct HKEY__ *,const char *,const char *,struct HKEY__ **,unsigned int): VBPS_LOGREL_NO_ASSERT(rc == ERROR_ACCESS_DENIED)
00:00:00.048220 main     1582: create key '{20191216-9536-4ef8-820e-3b0e17e5bbc8}'(/Default='IGuestFileIOEvent') -> 5
00:00:00.048258 main     AssertLogRel H:\vbox-6.1.36\src\VBox\Main\src-all\win\VBoxProxyStub.c(869) long __cdecl vbpsCreateRegKeyA(struct VBPSREGSTATE *,struct HKEY__ *,const char *,struct HKEY__ **,unsigned int): VBPS_LOGREL_NO_ASSERT(rc == ERROR_ACCESS_DENIED)
00:00:00.048261 main     1582: create key '{20191216-3534-4239-b2de-8e1535d94c0b}' -> 5
00:00:00.048264 main     AssertLogRel H:\vbox-6.1.36\src\VBox\Main\src-all\win\VBoxProxyStub.c(964) long __cdecl vbpsCreateRegKeyWithDefaultValueAAEx(struct VBPSREGSTATE *,struct HKEY__ *,const char *,const char *,struct HKEY__ **,unsigned int): VBPS_LOGREL_NO_ASSERT(rc == ERROR_ACCESS_DENIED)
00:00:00.048266 main     1582: create key '{20191216-3534-4239-b2de-8e1535d94c0b}'(/Default='ISharedFolderChangedEvent') -> 5
00:00:00.048305 main     AssertLogRel H:\vbox-6.1.36\src\VBox\Main\src-all\win\VBoxProxyStub.c(869) long __cdecl vbpsCreateRegKeyA(struct VBPSREGSTATE *,struct HKEY__ *,const char *,struct HKEY__ **,unsigned int): VBPS_LOGREL_NO_ASSERT(rc == ERROR_ACCESS_DENIED)
00:00:00.048308 main     1582: create key '{20191216-7532-45e8-96da-eb5986ae76e4}' -> 5
00:00:00.048310 main     AssertLogRel H:\vbox-6.1.36\src\VBox\Main\src-all\win\VBoxProxyStub.c(964) long __cdecl vbpsCreateRegKeyWithDefaultValueAAEx(struct VBPSREGSTATE *,struct HKEY__ *,const char *,const char *,struct HKEY__ **,unsigned int): VBPS_LOGREL_NO_ASSERT(rc == ERROR_ACCESS_DENIED)
00:00:00.048313 main     1582: create key '{20191216-7532-45e8-96da-eb5986ae76e4}'(/Default='IVRDEServerInfo') -> 5
00:00:00.048351 main     AssertLogRel H:\vbox-6.1.36\src\VBox\Main\src-all\win\VBoxProxyStub.c(869) long __cdecl vbpsCreateRegKeyA(struct VBPSREGSTATE *,struct HKEY__ *,const char *,struct HKEY__ **,unsigned int): VBPS_LOGREL_NO_ASSERT(rc == ERROR_ACCESS_DENIED)
00:00:00.048355 main     1582: create key '{20191216-be30-49c0-b315-e9749e1bded1}' -> 5
00:00:00.048358 main     AssertLogRel H:\vbox-6.1.36\src\VBox\Main\src-all\win\VBoxProxyStub.c(964) long __cdecl vbpsCreateRegKeyWithDefaultValueAAEx(struct VBPSREGSTATE *,struct HKEY__ *,const char *,const char *,struct HKEY__ **,unsigned int): VBPS_LOGREL_NO_ASSERT(rc == ERROR_ACCESS_DENIED)
00:00:00.048360 main     1582: create key '{20191216-be30-49c0-b315-e9749e1bded1}'(/Default='INATNetwork') -> 5
00:00:00.048398 main     AssertLogRel H:\vbox-6.1.36\src\VBox\Main\src-all\win\VBoxProxyStub.c(869) long __cdecl vbpsCreateRegKeyA(struct VBPSREGSTATE *,struct HKEY__ *,const char *,struct HKEY__ **,unsigned int): VBPS_LOGREL_NO_ASSERT(rc == ERROR_ACCESS_DENIED)
00:00:00.048401 main     1582: create key '{20191216-8f30-401b-a8cd-fe31dbe839c0}' -> 5
00:00:00.048403 main     AssertLogRel H:\vbox-6.1.36\src\VBox\Main\src-all\win\VBoxProxyStub.c(964) long __cdecl vbpsCreateRegKeyWithDefaultValueAAEx(struct VBPSREGSTATE *,struct HKEY__ *,const char *,const char *,struct HKEY__ **,unsigned int): VBPS_LOGREL_NO_ASSERT(rc == ERROR_ACCESS_DENIED)
00:00:00.048406 main     1582: create key '{20191216-8f30-401b-a8cd-fe31dbe839c0}'(/Default='IEvent') -> 5
00:00:00.048444 main     AssertLogRel H:\vbox-6.1.36\src\VBox\Main\src-all\win\VBoxProxyStub.c(869) long __cdecl vbpsCreateRegKeyA(struct VBPSREGSTATE *,struct HKEY__ *,const char *,struct HKEY__ **,unsigned int): VBPS_LOGREL_NO_ASSERT(rc == ERROR_ACCESS_DENIED)
00:00:00.048448 main     1582: create key '{20191216-4430-499f-92c8-8bed814a567a}' -> 5
00:00:00.048450 main     AssertLogRel H:\vbox-6.1.36\src\VBox\Main\src-all\win\VBoxProxyStub.c(964) long __cdecl vbpsCreateRegKeyWithDefaultValueAAEx(struct VBPSREGSTATE *,struct HKEY__ *,const char *,const char *,struct HKEY__ **,unsigned int): VBPS_LOGREL_NO_ASSERT(rc == ERROR_ACCESS_DENIED)
00:00:00.048452 main     1582: create key '{20191216-4430-499f-92c8-8bed814a567a}'(/Default='IGuestProcessStateChangedEvent') -> 5
00:00:00.048492 main     AssertLogRel H:\vbox-6.1.36\src\VBox\Main\src-all\win\VBoxProxyStub.c(869) long __cdecl vbpsCreateRegKeyA(struct VBPSREGSTATE *,struct HKEY__ *,const char *,struct HKEY__ **,unsigned int): VBPS_LOGREL_NO_ASSERT(rc == ERROR_ACCESS_DENIED)
00:00:00.048495 main     1582: create key '{20191216-762e-4120-871c-a2014234a607}' -> 5
00:00:00.048497 main     AssertLogRel H:\vbox-6.1.36\src\VBox\Main\src-all\win\VBoxProxyStub.c(964) long __cdecl vbpsCreateRegKeyWithDefaultValueAAEx(struct VBPSREGSTATE *,struct HKEY__ *,const char *,const char *,struct HKEY__ **,unsigned int): VBPS_LOGREL_NO_ASSERT(rc == ERROR_ACCESS_DENIED)
00:00:00.048500 main     1582: create key '{20191216-762e-4120-871c-a2014234a607}'(/Default='ICloudProviderManager') -> 5
00:00:00.048538 main     AssertLogRel H:\vbox-6.1.36\src\VBox\Main\src-all\win\VBoxProxyStub.c(869) long __cdecl vbpsCreateRegKeyA(struct VBPSREGSTATE *,struct HKEY__ *,const char *,struct HKEY__ **,unsigned int): VBPS_LOGREL_NO_ASSERT(rc == ERROR_ACCESS_DENIED)
00:00:00.048540 main     1582: create key '{20191216-402e-022e-6180-c3944de3f9c8}' -> 5
00:00:00.048543 main     AssertLogRel H:\vbox-6.1.36\src\VBox\Main\src-all\win\VBoxProxyStub.c(964) long __cdecl vbpsCreateRegKeyWithDefaultValueAAEx(struct VBPSREGSTATE *,struct HKEY__ *,const char *,const char *,struct HKEY__ **,unsigned int): VBPS_LOGREL_NO_ASSERT(rc == ERROR_ACCESS_DENIED)
00:00:00.048545 main     1582: create key '{20191216-402e-022e-6180-c3944de3f9c8}'(/Default='IGuest') -> 5
00:00:00.048582 main     AssertLogRel H:\vbox-6.1.36\src\VBox\Main\src-all\win\VBoxProxyStub.c(869) long __cdecl vbpsCreateRegKeyA(struct VBPSREGSTATE *,struct HKEY__ *,const char *,struct HKEY__ **,unsigned int): VBPS_LOGREL_NO_ASSERT(rc == ERROR_ACCESS_DENIED)
00:00:00.048585 main     1582: create key '{20191216-9b2d-4377-bfe6-9702e881516b}' -> 5
00:00:00.048587 main     AssertLogRel H:\vbox-6.1.36\src\VBox\Main\src-all\win\VBoxProxyStub.c(964) long __cdecl vbpsCreateRegKeyWithDefaultValueAAEx(struct VBPSREGSTATE *,struct HKEY__ *,const char *,const char *,struct HKEY__ **,unsigned int): VBPS_LOGREL_NO_ASSERT(rc == ERROR_ACCESS_DENIED)
00:00:00.048591 main     1582: create key '{20191216-9b2d-4377-bfe6-9702e881516b}'(/Default='ISnapshotRestoredEvent') -> 5
00:00:00.048630 main     AssertLogRel H:\vbox-6.1.36\src\VBox\Main\src-all\win\VBoxProxyStub.c(869) long __cdecl vbpsCreateRegKeyA(struct VBPSREGSTATE *,struct HKEY__ *,const char *,struct HKEY__ **,unsigned int): VBPS_LOGREL_NO_ASSERT(rc == ERROR_ACCESS_DENIED)
00:00:00.048633 main     1582: create key '{20191216-7f29-4aae-a627-5a282c83092c}' -> 5
00:00:00.048635 main     AssertLogRel H:\vbox-6.1.36\src\VBox\Main\src-all\win\VBoxProxyStub.c(964) long __cdecl vbpsCreateRegKeyWithDefaultValueAAEx(struct VBPSREGSTATE *,struct HKEY__ *,const char *,const char *,struct HKEY__ **,unsigned int): VBPS_LOGREL_NO_ASSERT(rc == ERROR_ACCESS_DENIED)
00:00:00.048638 main     1582: create key '{20191216-7f29-4aae-a627-5a282c83092c}'(/Default='INATNetworkSettingEvent') -> 5
00:00:00.048681 main     AssertLogRel H:\vbox-6.1.36\src\VBox\Main\src-all\win\VBoxProxyStub.c(869) long __cdecl vbpsCreateRegKeyA(struct VBPSREGSTATE *,struct HKEY__ *,const char *,struct HKEY__ **,unsigned int): VBPS_LOGREL_NO_ASSERT(rc == ERROR_ACCESS_DENIED)
00:00:00.048684 main     1582: create key '{20191216-1a29-4a19-92cf-02285773f3b5}' -> 5
00:00:00.048686 main     AssertLogRel H:\vbox-6.1.36\src\VBox\Main\src-all\win\VBoxProxyStub.c(964) long __cdecl vbpsCreateRegKeyWithDefaultValueAAEx(struct VBPSREGSTATE *,struct HKEY__ *,const char *,const char *,struct HKEY__ **,unsigned int): VBPS_LOGREL_NO_ASSERT(rc == ERROR_ACCESS_DENIED)
00:00:00.048688 main     1582: create key '{20191216-1a29-4a19-92cf-02285773f3b5}'(/Default='INATNetworkChangedEvent') -> 5
00:00:00.048726 main     AssertLogRel H:\vbox-6.1.36\src\VBox\Main\src-all\win\VBoxProxyStub.c(869) long __cdecl vbpsCreateRegKeyA(struct VBPSREGSTATE *,struct HKEY__ *,const char *,struct HKEY__ **,unsigned int): VBPS_LOGREL_NO_ASSERT(rc == ERROR_ACCESS_DENIED)
00:00:00.048730 main     1582: create key '{20191216-c927-11e7-b788-33c248e71fc7}' -> 5
00:00:00.048732 main     AssertLogRel H:\vbox-6.1.36\src\VBox\Main\src-all\win\VBoxProxyStub.c(964) long __cdecl vbpsCreateRegKeyWithDefaultValueAAEx(struct VBPSREGSTATE *,struct HKEY__ *,const char *,const char *,struct HKEY__ **,unsigned int): VBPS_LOGREL_NO_ASSERT(rc == ERROR_ACCESS_DENIED)
00:00:00.048734 main     1582: create key '{20191216-c927-11e7-b788-33c248e71fc7}'(/Default='ICursorPositionChangedEvent') -> 5
00:00:00.048775 main     AssertLogRel H:\vbox-6.1.36\src\VBox\Main\src-all\win\VBoxProxyStub.c(869) long __cdecl vbpsCreateRegKeyA(struct VBPSREGSTATE *,struct HKEY__ *,const char *,struct HKEY__ **,unsigned int): VBPS_LOGREL_NO_ASSERT(rc == ERROR_ACCESS_DENIED)
00:00:00.048780 main     1582: create key '{20191216-a227-4f23-8278-2f675eea1bb2}' -> 5
00:00:00.048783 main     AssertLogRel H:\vbox-6.1.36\src\VBox\Main\src-all\win\VBoxProxyStub.c(964) long __cdecl vbpsCreateRegKeyWithDefaultValueAAEx(struct VBPSREGSTATE *,struct HKEY__ *,const char *,const char *,struct HKEY__ **,unsigned int): VBPS_LOGREL_NO_ASSERT(rc == ERROR_ACCESS_DENIED)
00:00:00.048787 main     1582: create key '{20191216-a227-4f23-8278-2f675eea1bb2}'(/Default='ISerialPort') -> 5
00:00:00.048827 main     AssertLogRel H:\vbox-6.1.36\src\VBox\Main\src-all\win\VBoxProxyStub.c(869) long __cdecl vbpsCreateRegKeyA(struct VBPSREGSTATE *,struct HKEY__ *,const char *,struct HKEY__ **,unsigned int): VBPS_LOGREL_NO_ASSERT(rc == ERROR_ACCESS_DENIED)
00:00:00.048831 main     1582: create key '{20191216-0126-43e0-b05d-326e74abb356}' -> 5
00:00:00.048833 main     AssertLogRel H:\vbox-6.1.36\src\VBox\Main\src-all\win\VBoxProxyStub.c(964) long __cdecl vbpsCreateRegKeyWithDefaultValueAAEx(struct VBPSREGSTATE *,struct HKEY__ *,const char *,const char *,struct HKEY__ **,unsigned int): VBPS_LOGREL_NO_ASSERT(rc == ERROR_ACCESS_DENIED)
00:00:00.048874 main     1582: create key '{20191216-0126-43e0-b05d-326e74abb356}'(/Default='IMediumAttachment') -> 5
00:00:00.048920 main     AssertLogRel H:\vbox-6.1.36\src\VBox\Main\src-all\win\VBoxProxyStub.c(869) long __cdecl vbpsCreateRegKeyA(struct VBPSREGSTATE *,struct HKEY__ *,const char *,struct HKEY__ **,unsigned int): VBPS_LOGREL_NO_ASSERT(rc == ERROR_ACCESS_DENIED)
00:00:00.048924 main     1582: create key '{20191216-4022-dc80-5535-6fb116815604}' -> 5
00:00:00.048926 main     AssertLogRel H:\vbox-6.1.36\src\VBox\Main\src-all\win\VBoxProxyStub.c(964) long __cdecl vbpsCreateRegKeyWithDefaultValueAAEx(struct VBPSREGSTATE *,struct HKEY__ *,const char *,const char *,struct HKEY__ **,unsigned int): VBPS_LOGREL_NO_ASSERT(rc == ERROR_ACCESS_DENIED)
00:00:00.048928 main     1582: create key '{20191216-4022-dc80-5535-6fb116815604}'(/Default='INATNetworkAlterEvent') -> 5
00:00:00.048968 main     AssertLogRel H:\vbox-6.1.36\src\VBox\Main\src-all\win\VBoxProxyStub.c(869) long __cdecl vbpsCreateRegKeyA(struct VBPSREGSTATE *,struct HKEY__ *,const char *,struct HKEY__ **,unsigned int): VBPS_LOGREL_NO_ASSERT(rc == ERROR_ACCESS_DENIED)
00:00:00.048971 main     1582: create key '{20191216-e621-4f70-a77e-15f0e3c714d5}' -> 5
00:00:00.048974 main     AssertLogRel H:\vbox-6.1.36\src\VBox\Main\src-all\win\VBoxProxyStub.c(964) long __cdecl vbpsCreateRegKeyWithDefaultValueAAEx(struct VBPSREGSTATE *,struct HKEY__ *,const char *,const char *,struct HKEY__ **,unsigned int): VBPS_LOGREL_NO_ASSERT(rc == ERROR_ACCESS_DENIED)
00:00:00.048976 main     1582: create key '{20191216-e621-4f70-a77e-15f0e3c714d5}'(/Default='IPCIDeviceAttachment') -> 5
00:00:00.049016 main     AssertLogRel H:\vbox-6.1.36\src\VBox\Main\src-all\win\VBoxProxyStub.c(869) long __cdecl vbpsCreateRegKeyA(struct VBPSREGSTATE *,struct HKEY__ *,const char *,struct HKEY__ **,unsigned int): VBPS_LOGREL_NO_ASSERT(rc == ERROR_ACCESS_DENIED)
00:00:00.049019 main     1582: create key '{20191216-4521-44cc-df95-186e4d057c83}' -> 5
00:00:00.049021 main     AssertLogRel H:\vbox-6.1.36\src\VBox\Main\src-all\win\VBoxProxyStub.c(964) long __cdecl vbpsCreateRegKeyWithDefaultValueAAEx(struct VBPSREGSTATE *,struct HKEY__ *,const char *,const char *,struct HKEY__ **,unsigned int): VBPS_LOGREL_NO_ASSERT(rc == ERROR_ACCESS_DENIED)
00:00:00.049024 main     1582: create key '{20191216-4521-44cc-df95-186e4d057c83}'(/Default='IVBoxSVCRegistration') -> 5
00:00:00.049063 main     AssertLogRel H:\vbox-6.1.36\src\VBox\Main\src-all\win\VBoxProxyStub.c(869) long __cdecl vbpsCreateRegKeyA(struct VBPSREGSTATE *,struct HKEY__ *,const char *,struct HKEY__ **,unsigned int): VBPS_LOGREL_NO_ASSERT(rc == ERROR_ACCESS_DENIED)
00:00:00.049066 main     1582: create key '{20191216-0721-4cde-867c-1a82abaf914c}' -> 5
00:00:00.049068 main     AssertLogRel H:\vbox-6.1.36\src\VBox\Main\src-all\win\VBoxProxyStub.c(964) long __cdecl vbpsCreateRegKeyWithDefaultValueAAEx(struct VBPSREGSTATE *,struct HKEY__ *,const char *,const char *,struct HKEY__ **,unsigned int): VBPS_LOGREL_NO_ASSERT(rc == ERROR_ACCESS_DENIED)
00:00:00.049070 main     1582: create key '{20191216-0721-4cde-867c-1a82abaf914c}'(/Default='IRuntimeErrorEvent') -> 5
00:00:00.049113 main     AssertLogRel H:\vbox-6.1.36\src\VBox\Main\src-all\win\VBoxProxyStub.c(869) long __cdecl vbpsCreateRegKeyA(struct VBPSREGSTATE *,struct HKEY__ *,const char *,struct HKEY__ **,unsigned int): VBPS_LOGREL_NO_ASSERT(rc == ERROR_ACCESS_DENIED)
00:00:00.049119 main     1582: create key '{20191216-c71f-4a36-8e5f-a77d01d76090}' -> 5
00:00:00.049122 main     AssertLogRel H:\vbox-6.1.36\src\VBox\Main\src-all\win\VBoxProxyStub.c(964) long __cdecl vbpsCreateRegKeyWithDefaultValueAAEx(struct VBPSREGSTATE *,struct HKEY__ *,const char *,const char *,struct HKEY__ **,unsigned int): VBPS_LOGREL_NO_ASSERT(rc == ERROR_ACCESS_DENIED)
00:00:00.049125 main     1582: create key '{20191216-c71f-4a36-8e5f-a77d01d76090}'(/Default='IGuestMonitorChangedEvent') -> 5
00:00:00.049180 main     AssertLogRel H:\vbox-6.1.36\src\VBox\Main\src-all\win\VBoxProxyStub.c(869) long __cdecl vbpsCreateRegKeyA(struct VBPSREGSTATE *,struct HKEY__ *,const char *,struct HKEY__ **,unsigned int): VBPS_LOGREL_NO_ASSERT(rc == ERROR_ACCESS_DENIED)
00:00:00.049189 main     1582: create key '{20191216-fa1e-4cee-91c7-6d8496bea3c1}' -> 5
00:00:00.049194 main     AssertLogRel H:\vbox-6.1.36\src\VBox\Main\src-all\win\VBoxProxyStub.c(964) long __cdecl vbpsCreateRegKeyWithDefaultValueAAEx(struct VBPSREGSTATE *,struct HKEY__ *,const char *,const char *,struct HKEY__ **,unsigned int): VBPS_LOGREL_NO_ASSERT(rc == ERROR_ACCESS_DENIED)
00:00:00.049198 main     1582: create key '{20191216-fa1e-4cee-91c7-6d8496bea3c1}'(/Default='INATNetworkStartStopEvent') -> 5
00:00:00.049257 main     AssertLogRel H:\vbox-6.1.36\src\VBox\Main\src-all\win\VBoxProxyStub.c(869) long __cdecl vbpsCreateRegKeyA(struct VBPSREGSTATE *,struct HKEY__ *,const char *,struct HKEY__ **,unsigned int): VBPS_LOGREL_NO_ASSERT(rc == ERROR_ACCESS_DENIED)
00:00:00.049263 main     1582: create key '{20191216-5a1d-43f1-6f27-6a0db298a9a8}' -> 5
00:00:00.049267 main     AssertLogRel H:\vbox-6.1.36\src\VBox\Main\src-all\win\VBoxProxyStub.c(964) long __cdecl vbpsCreateRegKeyWithDefaultValueAAEx(struct VBPSREGSTATE *,struct HKEY__ *,const char *,const char *,struct HKEY__ **,unsigned int): VBPS_LOGREL_NO_ASSERT(rc == ERROR_ACCESS_DENIED)
00:00:00.049271 main     1582: create key '{20191216-5a1d-43f1-6f27-6a0db298a9a8}'(/Default='IDHCPGroupCondition') -> 5
00:00:00.049337 main     AssertLogRel H:\vbox-6.1.36\src\VBox\Main\src-all\win\VBoxProxyStub.c(869) long __cdecl vbpsCreateRegKeyA(struct VBPSREGSTATE *,struct HKEY__ *,const char *,struct HKEY__ **,unsigned int): VBPS_LOGREL_NO_ASSERT(rc == ERROR_ACCESS_DENIED)
00:00:00.049342 main     1582: create key '{20191216-fd1c-411a-95c5-e9bb1414e632}' -> 5
00:00:00.049345 main     AssertLogRel H:\vbox-6.1.36\src\VBox\Main\src-all\win\VBoxProxyStub.c(964) long __cdecl vbpsCreateRegKeyWithDefaultValueAAEx(struct VBPSREGSTATE *,struct HKEY__ *,const char *,const char *,struct HKEY__ **,unsigned int): VBPS_LOGREL_NO_ASSERT(rc == ERROR_ACCESS_DENIED)
00:00:00.049349 main     1582: create key '{20191216-fd1c-411a-95c5-e9bb1414e632}'(/Default='IPerformanceMetric') -> 5
00:00:00.049407 main     AssertLogRel H:\vbox-6.1.36\src\VBox\Main\src-all\win\VBoxProxyStub.c(869) long __cdecl vbpsCreateRegKeyA(struct VBPSREGSTATE *,struct HKEY__ *,const char *,struct HKEY__ **,unsigned int): VBPS_LOGREL_NO_ASSERT(rc == ERROR_ACCESS_DENIED)
00:00:00.049413 main     1582: create key '{20191216-4c1b-edf7-fdf3-c1be6827dc28}' -> 5
00:00:00.049416 main     AssertLogRel H:\vbox-6.1.36\src\VBox\Main\src-all\win\VBoxProxyStub.c(964) long __cdecl vbpsCreateRegKeyWithDefaultValueAAEx(struct VBPSREGSTATE *,struct HKEY__ *,const char *,const char *,struct HKEY__ **,unsigned int): VBPS_LOGREL_NO_ASSERT(rc == ERROR_ACCESS_DENIED)
00:00:00.049420 main     1582: create key '{20191216-4c1b-edf7-fdf3-c1be6827dc28}'(/Default='IGuestDnDSource') -> 5
00:00:00.049473 main     AssertLogRel H:\vbox-6.1.36\src\VBox\Main\src-all\win\VBoxProxyStub.c(869) long __cdecl vbpsCreateRegKeyA(struct VBPSREGSTATE *,struct HKEY__ *,const char *,struct HKEY__ **,unsigned int): VBPS_LOGREL_NO_ASSERT(rc == ERROR_ACCESS_DENIED)
00:00:00.049479 main     1582: create key '{20191216-2f1a-4d6c-81fc-e3fa843f49ae}' -> 5
00:00:00.049482 main     AssertLogRel H:\vbox-6.1.36\src\VBox\Main\src-all\win\VBoxProxyStub.c(964) long __cdecl vbpsCreateRegKeyWithDefaultValueAAEx(struct VBPSREGSTATE *,struct HKEY__ *,const char *,const char *,struct HKEY__ **,unsigned int): VBPS_LOGREL_NO_ASSERT(rc == ERROR_ACCESS_DENIED)
00:00:00.049486 main     1582: create key '{20191216-2f1a-4d6c-81fc-e3fa843f49ae}'(/Default='IFile') -> 5
00:00:00.049538 main     AssertLogRel H:\vbox-6.1.36\src\VBox\Main\src-all\win\VBoxProxyStub.c(869) long __cdecl vbpsCreateRegKeyA(struct VBPSREGSTATE *,struct HKEY__ *,const char *,struct HKEY__ **,unsigned int): VBPS_LOGREL_NO_ASSERT(rc == ERROR_ACCESS_DENIED)
00:00:00.049543 main     1582: create key '{20191216-cc19-43fa-8ebf-baecb6b9ec87}' -> 5
00:00:00.049549 main     AssertLogRel H:\vbox-6.1.36\src\VBox\Main\src-all\win\VBoxProxyStub.c(964) long __cdecl vbpsCreateRegKeyWithDefaultValueAAEx(struct VBPSREGSTATE *,struct HKEY__ *,const char *,const char *,struct HKEY__ **,unsigned int): VBPS_LOGREL_NO_ASSERT(rc == ERROR_ACCESS_DENIED)
00:00:00.049554 main     1582: create key '{20191216-cc19-43fa-8ebf-baecb6b9ec87}'(/Default='IVirtualBoxSDS') -> 5
00:00:00.049608 main     AssertLogRel H:\vbox-6.1.36\src\VBox\Main\src-all\win\VBoxProxyStub.c(869) long __cdecl vbpsCreateRegKeyA(struct VBPSREGSTATE *,struct HKEY__ *,const char *,struct HKEY__ **,unsigned int): VBPS_LOGREL_NO_ASSERT(rc == ERROR_ACCESS_DENIED)
00:00:00.049613 main     1582: create key '{20191216-7619-41aa-aece-b21ac5c1a7e6}' -> 5
00:00:00.049617 main     AssertLogRel H:\vbox-6.1.36\src\VBox\Main\src-all\win\VBoxProxyStub.c(964) long __cdecl vbpsCreateRegKeyWithDefaultValueAAEx(struct VBPSREGSTATE *,struct HKEY__ *,const char *,const char *,struct HKEY__ **,unsigned int): VBPS_LOGREL_NO_ASSERT(rc == ERROR_ACCESS_DENIED)
00:00:00.049620 main     1582: create key '{20191216-7619-41aa-aece-b21ac5c1a7e6}'(/Default='IAppliance') -> 5
00:00:00.049679 main     AssertLogRel H:\vbox-6.1.36\src\VBox\Main\src-all\win\VBoxProxyStub.c(869) long __cdecl vbpsCreateRegKeyA(struct VBPSREGSTATE *,struct HKEY__ *,const char *,struct HKEY__ **,unsigned int): VBPS_LOGREL_NO_ASSERT(rc == ERROR_ACCESS_DENIED)
00:00:00.049685 main     1582: create key '{20191216-3618-4ebc-b038-833ba829b4b2}' -> 5
00:00:00.049689 main     AssertLogRel H:\vbox-6.1.36\src\VBox\Main\src-all\win\VBoxProxyStub.c(964) long __cdecl vbpsCreateRegKeyWithDefaultValueAAEx(struct VBPSREGSTATE *,struct HKEY__ *,const char *,const char *,struct HKEY__ **,unsigned int): VBPS_LOGREL_NO_ASSERT(rc == ERROR_ACCESS_DENIED)
00:00:00.049692 main     1582: create key '{20191216-3618-4ebc-b038-833ba829b4b2}'(/Default='IExtPack') -> 5
00:00:00.049743 main     AssertLogRel H:\vbox-6.1.36\src\VBox\Main\src-all\win\VBoxProxyStub.c(869) long __cdecl vbpsCreateRegKeyA(struct VBPSREGSTATE *,struct HKEY__ *,const char *,struct HKEY__ **,unsigned int): VBPS_LOGREL_NO_ASSERT(rc == ERROR_ACCESS_DENIED)
00:00:00.049747 main     1582: create key '{20191216-6e15-4f71-a6a5-94e707fafbcc}' -> 5
00:00:00.049749 main     AssertLogRel H:\vbox-6.1.36\src\VBox\Main\src-all\win\VBoxProxyStub.c(964) long __cdecl vbpsCreateRegKeyWithDefaultValueAAEx(struct VBPSREGSTATE *,struct HKEY__ *,const char *,const char *,struct HKEY__ **,unsigned int): VBPS_LOGREL_NO_ASSERT(rc == ERROR_ACCESS_DENIED)
00:00:00.049752 main     1582: create key '{20191216-6e15-4f71-a6a5-94e707fafbcc}'(/Default='INATEngine') -> 5
00:00:00.049790 main     AssertLogRel H:\vbox-6.1.36\src\VBox\Main\src-all\win\VBoxProxyStub.c(869) long __cdecl vbpsCreateRegKeyA(struct VBPSREGSTATE *,struct HKEY__ *,const char *,struct HKEY__ **,unsigned int): VBPS_LOGREL_NO_ASSERT(rc == ERROR_ACCESS_DENIED)
00:00:00.049793 main     1582: create key '{20191216-d612-47d3-89d4-db3992533948}' -> 5
00:00:00.049795 main     AssertLogRel H:\vbox-6.1.36\src\VBox\Main\src-all\win\VBoxProxyStub.c(964) long __cdecl vbpsCreateRegKeyWithDefaultValueAAEx(struct VBPSREGSTATE *,struct HKEY__ *,const char *,const char *,struct HKEY__ **,unsigned int): VBPS_LOGREL_NO_ASSERT(rc == ERROR_ACCESS_DENIED)
00:00:00.049798 main     1582: create key '{20191216-d612-47d3-89d4-db3992533948}'(/Default='IHostPCIDevicePlugEvent') -> 5
00:00:00.049836 main     AssertLogRel H:\vbox-6.1.36\src\VBox\Main\src-all\win\VBoxProxyStub.c(869) long __cdecl vbpsCreateRegKeyA(struct VBPSREGSTATE *,struct HKEY__ *,const char *,struct HKEY__ **,unsigned int): VBPS_LOGREL_NO_ASSERT(rc == ERROR_ACCESS_DENIED)
00:00:00.049840 main     1582: create key '{20191216-2d12-4d7c-ba6d-ce51d0d5b265}' -> 5
00:00:00.049843 main     AssertLogRel H:\vbox-6.1.36\src\VBox\Main\src-all\win\VBoxProxyStub.c(964) long __cdecl vbpsCreateRegKeyWithDefaultValueAAEx(struct VBPSREGSTATE *,struct HKEY__ *,const char *,const char *,struct HKEY__ **,unsigned int): VBPS_LOGREL_NO_ASSERT(rc == ERROR_ACCESS_DENIED)
00:00:00.049849 main     1582: create key '{20191216-2d12-4d7c-ba6d-ce51d0d5b265}'(/Default='IBandwidthGroup') -> 5
00:00:00.049896 main     AssertLogRel H:\vbox-6.1.36\src\VBox\Main\src-all\win\VBoxProxyStub.c(869) long __cdecl vbpsCreateRegKeyA(struct VBPSREGSTATE *,struct HKEY__ *,const char *,struct HKEY__ **,unsigned int): VBPS_LOGREL_NO_ASSERT(rc == ERROR_ACCESS_DENIED)
00:00:00.049900 main     1582: create key '{20191216-6e0b-492a-a8d0-968472a94dc7}' -> 5
00:00:00.049902 main     AssertLogRel H:\vbox-6.1.36\src\VBox\Main\src-all\win\VBoxProxyStub.c(964) long __cdecl vbpsCreateRegKeyWithDefaultValueAAEx(struct VBPSREGSTATE *,struct HKEY__ *,const char *,const char *,struct HKEY__ **,unsigned int): VBPS_LOGREL_NO_ASSERT(rc == ERROR_ACCESS_DENIED)
00:00:00.049904 main     1582: create key '{20191216-6e0b-492a-a8d0-968472a94dc7}'(/Default='IExtraDataChangedEvent') -> 5
00:00:00.049954 main     AssertLogRel H:\vbox-6.1.36\src\VBox\Main\src-all\win\VBoxProxyStub.c(869) long __cdecl vbpsCreateRegKeyA(struct VBPSREGSTATE *,struct HKEY__ *,const char *,struct HKEY__ **,unsigned int): VBPS_LOGREL_NO_ASSERT(rc == ERROR_ACCESS_DENIED)
00:00:00.049958 main     1582: create key '{20191216-800a-40f8-87a6-170d02249a55}' -> 5
00:00:00.049961 main     AssertLogRel H:\vbox-6.1.36\src\VBox\Main\src-all\win\VBoxProxyStub.c(964) long __cdecl vbpsCreateRegKeyWithDefaultValueAAEx(struct VBPSREGSTATE *,struct HKEY__ *,const char *,const char *,struct HKEY__ **,unsigned int): VBPS_LOGREL_NO_ASSERT(rc == ERROR_ACCESS_DENIED)
00:00:00.049964 main     1582: create key '{20191216-800a-40f8-87a6-170d02249a55}'(/Default='IExtraDataCanChangeEvent') -> 5
00:00:00.050013 main     AssertLogRel H:\vbox-6.1.36\src\VBox\Main\src-all\win\VBoxProxyStub.c(869) long __cdecl vbpsCreateRegKeyA(struct VBPSREGSTATE *,struct HKEY__ *,const char *,struct HKEY__ **,unsigned int): VBPS_LOGREL_NO_ASSERT(rc == ERROR_ACCESS_DENIED)
00:00:00.050017 main     1582: create key '{20191216-5409-414b-bd16-77df7ba3451e}' -> 5
00:00:00.050019 main     AssertLogRel H:\vbox-6.1.36\src\VBox\Main\src-all\win\VBoxProxyStub.c(964) long __cdecl vbpsCreateRegKeyWithDefaultValueAAEx(struct VBPSREGSTATE *,struct HKEY__ *,const char *,const char *,struct HKEY__ **,unsigned int): VBPS_LOGREL_NO_ASSERT(rc == ERROR_ACCESS_DENIED)
00:00:00.050022 main     1582: create key '{20191216-5409-414b-bd16-77df7ba3451e}'(/Default='ISharedFolder') -> 5
00:00:00.050059 main     AssertLogRel H:\vbox-6.1.36\src\VBox\Main\src-all\win\VBoxProxyStub.c(869) long __cdecl vbpsCreateRegKeyA(struct VBPSREGSTATE *,struct HKEY__ *,const char *,struct HKEY__ **,unsigned int): VBPS_LOGREL_NO_ASSERT(rc == ERROR_ACCESS_DENIED)
00:00:00.050062 main     1582: create key '{20191216-7708-444b-9eef-c116ce423d39}' -> 5
00:00:00.050064 main     AssertLogRel H:\vbox-6.1.36\src\VBox\Main\src-all\win\VBoxProxyStub.c(964) long __cdecl vbpsCreateRegKeyWithDefaultValueAAEx(struct VBPSREGSTATE *,struct HKEY__ *,const char *,const char *,struct HKEY__ **,unsigned int): VBPS_LOGREL_NO_ASSERT(rc == ERROR_ACCESS_DENIED)
00:00:00.050067 main     1582: create key '{20191216-7708-444b-9eef-c116ce423d39}'(/Default='IParallelPort') -> 5
00:00:00.050108 main     AssertLogRel H:\vbox-6.1.36\src\VBox\Main\src-all\win\VBoxProxyStub.c(869) long __cdecl vbpsCreateRegKeyA(struct VBPSREGSTATE *,struct HKEY__ *,const char *,struct HKEY__ **,unsigned int): VBPS_LOGREL_NO_ASSERT(rc == ERROR_ACCESS_DENIED)
00:00:00.050111 main     1582: create key '{20191216-1207-4179-94cf-ca250036308f}' -> 5
00:00:00.050113 main     AssertLogRel H:\vbox-6.1.36\src\VBox\Main\src-all\win\VBoxProxyStub.c(964) long __cdecl vbpsCreateRegKeyWithDefaultValueAAEx(struct VBPSREGSTATE *,struct HKEY__ *,const char *,const char *,struct HKEY__ **,unsigned int): VBPS_LOGREL_NO_ASSERT(rc == ERROR_ACCESS_DENIED)
00:00:00.050116 main     1582: create key '{20191216-1207-4179-94cf-ca250036308f}'(/Default='IGuestFileOffsetChangedEvent') -> 5
00:00:00.050153 main     AssertLogRel H:\vbox-6.1.36\src\VBox\Main\src-all\win\VBoxProxyStub.c(869) long __cdecl vbpsCreateRegKeyA(struct VBPSREGSTATE *,struct HKEY__ *,const char *,struct HKEY__ **,unsigned int): VBPS_LOGREL_NO_ASSERT(rc == ERROR_ACCESS_DENIED)
00:00:00.050158 main     1582: create key '{20191216-7006-40d4-b339-472ee3801844}' -> 5
00:00:00.050161 main     AssertLogRel H:\vbox-6.1.36\src\VBox\Main\src-all\win\VBoxProxyStub.c(964) long __cdecl vbpsCreateRegKeyWithDefaultValueAAEx(struct VBPSREGSTATE *,struct HKEY__ *,const char *,const char *,struct HKEY__ **,unsigned int): VBPS_LOGREL_NO_ASSERT(rc == ERROR_ACCESS_DENIED)
00:00:00.050163 main     1582: create key '{20191216-7006-40d4-b339-472ee3801844}'(/Default='IGuestKeyboardEvent') -> 5
00:00:00.050200 main     AssertLogRel H:\vbox-6.1.36\src\VBox\Main\src-all\win\VBoxProxyStub.c(869) long __cdecl vbpsCreateRegKeyA(struct VBPSREGSTATE *,struct HKEY__ *,const char *,struct HKEY__ **,unsigned int): VBPS_LOGREL_NO_ASSERT(rc == ERROR_ACCESS_DENIED)
00:00:00.050203 main     1582: create key '{20191216-4a06-81fc-a916-78b2da1fa0e5}' -> 5
00:00:00.050205 main     AssertLogRel H:\vbox-6.1.36\src\VBox\Main\src-all\win\VBoxProxyStub.c(964) long __cdecl vbpsCreateRegKeyWithDefaultValueAAEx(struct VBPSREGSTATE *,struct HKEY__ *,const char *,const char *,struct HKEY__ **,unsigned int): VBPS_LOGREL_NO_ASSERT(rc == ERROR_ACCESS_DENIED)
00:00:00.050208 main     1582: create key '{20191216-4a06-81fc-a916-78b2da1fa0e5}'(/Default='IAdditionsFacility') -> 5
00:00:00.050244 main     AssertLogRel H:\vbox-6.1.36\src\VBox\Main\src-all\win\VBoxProxyStub.c(869) long __cdecl vbpsCreateRegKeyA(struct VBPSREGSTATE *,struct HKEY__ *,const char *,struct HKEY__ **,unsigned int): VBPS_LOGREL_NO_ASSERT(rc == ERROR_ACCESS_DENIED)
00:00:00.050247 main     1582: create key '{20191216-2f05-4d28-855f-488f96bad2b2}' -> 5
00:00:00.050249 main     AssertLogRel H:\vbox-6.1.36\src\VBox\Main\src-all\win\VBoxProxyStub.c(964) long __cdecl vbpsCreateRegKeyWithDefaultValueAAEx(struct VBPSREGSTATE *,struct HKEY__ *,const char *,const char *,struct HKEY__ **,unsigned int): VBPS_LOGREL_NO_ASSERT(rc == ERROR_ACCESS_DENIED)
00:00:00.050251 main     1582: create key '{20191216-2f05-4d28-855f-488f96bad2b2}'(/Default='IShowWindowEvent') -> 5
00:00:00.050289 main     AssertLogRel H:\vbox-6.1.36\src\VBox\Main\src-all\win\VBoxProxyStub.c(869) long __cdecl vbpsCreateRegKeyA(struct VBPSREGSTATE *,struct HKEY__ *,const char *,struct HKEY__ **,unsigned int): VBPS_LOGREL_NO_ASSERT(rc == ERROR_ACCESS_DENIED)
00:00:00.050292 main     1582: create key '{20191216-1f04-4191-aa2f-1fac9646ae4c}' -> 5
00:00:00.050294 main     AssertLogRel H:\vbox-6.1.36\src\VBox\Main\src-all\win\VBoxProxyStub.c(964) long __cdecl vbpsCreateRegKeyWithDefaultValueAAEx(struct VBPSREGSTATE *,struct HKEY__ *,const char *,const char *,struct HKEY__ **,unsigned int): VBPS_LOGREL_NO_ASSERT(rc == ERROR_ACCESS_DENIED)
00:00:00.050297 main     1582: create key '{20191216-1f04-4191-aa2f-1fac9646ae4c}'(/Default='IProgressEvent') -> 5
00:00:00.050333 main     AssertLogRel H:\vbox-6.1.36\src\VBox\Main\src-all\win\VBoxProxyStub.c(869) long __cdecl vbpsCreateRegKeyA(struct VBPSREGSTATE *,struct HKEY__ *,const char *,struct HKEY__ **,unsigned int): VBPS_LOGREL_NO_ASSERT(rc == ERROR_ACCESS_DENIED)
00:00:00.050336 main     1582: create key '{20191216-8a02-45f3-a07d-a67aa72756aa}' -> 5
00:00:00.050338 main     AssertLogRel H:\vbox-6.1.36\src\VBox\Main\src-all\win\VBoxProxyStub.c(964) long __cdecl vbpsCreateRegKeyWithDefaultValueAAEx(struct VBPSREGSTATE *,struct HKEY__ *,const char *,const char *,struct HKEY__ **,unsigned int): VBPS_LOGREL_NO_ASSERT(rc == ERROR_ACCESS_DENIED)
00:00:00.050340 main     1582: create key '{20191216-8a02-45f3-a07d-a67aa72756aa}'(/Default='IProcess') -> 5
00:00:00.050381 main     AssertLogRel H:\vbox-6.1.36\src\VBox\Main\src-all\win\VBoxProxyStub.c(869) long __cdecl vbpsCreateRegKeyA(struct VBPSREGSTATE *,struct HKEY__ *,const char *,struct HKEY__ **,unsigned int): VBPS_LOGREL_NO_ASSERT(rc == ERROR_ACCESS_DENIED)
00:00:00.050384 main     1582: create key '{20191216-0002-4b81-0077-1dcb004571ba}' -> 5
00:00:00.050388 main     AssertLogRel H:\vbox-6.1.36\src\VBox\Main\src-all\win\VBoxProxyStub.c(964) long __cdecl vbpsCreateRegKeyWithDefaultValueAAEx(struct VBPSREGSTATE *,struct HKEY__ *,const char *,const char *,struct HKEY__ **,unsigned int): VBPS_LOGREL_NO_ASSERT(rc == ERROR_ACCESS_DENIED)
00:00:00.050391 main     1582: create key '{20191216-0002-4b81-0077-1dcb004571ba}'(/Default='IDHCPConfig') -> 5
00:00:00.050445 main     AssertLogRel H:\vbox-6.1.36\src\VBox\Main\src-all\win\VBoxProxyStub.c(869) long __cdecl vbpsCreateRegKeyA(struct VBPSREGSTATE *,struct HKEY__ *,const char *,struct HKEY__ **,unsigned int): VBPS_LOGREL_NO_ASSERT(rc == ERROR_ACCESS_DENIED)
00:00:00.050449 main     1117: create key '{20191216-9CEE-493C-B6FC-64FFE759B3C9}' -> 5
00:00:00.050486 main     AssertLogRel H:\vbox-6.1.36\src\VBox\Main\src-all\win\VBoxProxyStub.c(869) long __cdecl vbpsCreateRegKeyA(struct VBPSREGSTATE *,struct HKEY__ *,const char *,struct HKEY__ **,unsigned int): VBPS_LOGREL_NO_ASSERT(rc == ERROR_ACCESS_DENIED)
00:00:00.050489 main     1126: create key 'Ld9BoxSVC.exe' -> 5
00:00:00.050527 main     AssertLogRel H:\vbox-6.1.36\src\VBox\Main\src-all\win\VBoxProxyStub.c(869) long __cdecl vbpsCreateRegKeyA(struct VBPSREGSTATE *,struct HKEY__ *,const char *,struct HKEY__ **,unsigned int): VBPS_LOGREL_NO_ASSERT(rc == ERROR_ACCESS_DENIED)
00:00:00.050530 main     1177: create key 'VirtualBox.VirtualBox.1' -> 5
00:00:00.050532 main     AssertLogRel H:\vbox-6.1.36\src\VBox\Main\src-all\win\VBoxProxyStub.c(964) long __cdecl vbpsCreateRegKeyWithDefaultValueAAEx(struct VBPSREGSTATE *,struct HKEY__ *,const char *,const char *,struct HKEY__ **,unsigned int): VBPS_LOGREL_NO_ASSERT(rc == ERROR_ACCESS_DENIED)
00:00:00.050535 main     1177: create key 'VirtualBox.VirtualBox.1'(/Default='VirtualBox Class') -> 5
00:00:00.050563 main     AssertLogRel H:\vbox-6.1.36\src\VBox\Main\src-all\win\VBoxProxyStub.c(869) long __cdecl vbpsCreateRegKeyA(struct VBPSREGSTATE *,struct HKEY__ *,const char *,struct HKEY__ **,unsigned int): VBPS_LOGREL_NO_ASSERT(rc == ERROR_ACCESS_DENIED)
00:00:00.050572 main     1177: create key 'VirtualBox.VirtualBox' -> 5
00:00:00.050574 main     AssertLogRel H:\vbox-6.1.36\src\VBox\Main\src-all\win\VBoxProxyStub.c(964) long __cdecl vbpsCreateRegKeyWithDefaultValueAAEx(struct VBPSREGSTATE *,struct HKEY__ *,const char *,const char *,struct HKEY__ **,unsigned int): VBPS_LOGREL_NO_ASSERT(rc == ERROR_ACCESS_DENIED)
00:00:00.050576 main     1177: create key 'VirtualBox.VirtualBox'(/Default='VirtualBox Class') -> 5
00:00:00.050609 main     AssertLogRel H:\vbox-6.1.36\src\VBox\Main\src-all\win\VBoxProxyStub.c(869) long __cdecl vbpsCreateRegKeyA(struct VBPSREGSTATE *,struct HKEY__ *,const char *,struct HKEY__ **,unsigned int): VBPS_LOGREL_NO_ASSERT(rc == ERROR_ACCESS_DENIED)
00:00:00.050612 main     1263: create key '{20191216-47b9-4a1e-82b2-07ccd5323c3f}' -> 5
00:00:00.050614 main     AssertLogRel H:\vbox-6.1.36\src\VBox\Main\src-all\win\VBoxProxyStub.c(964) long __cdecl vbpsCreateRegKeyWithDefaultValueAAEx(struct VBPSREGSTATE *,struct HKEY__ *,const char *,const char *,struct HKEY__ **,unsigned int): VBPS_LOGREL_NO_ASSERT(rc == ERROR_ACCESS_DENIED)
00:00:00.050617 main     1263: create key '{20191216-47b9-4a1e-82b2-07ccd5323c3f}'(/Default='VirtualBox Class') -> 5
00:00:00.050647 main     AssertLogRel H:\vbox-6.1.36\src\VBox\Main\src-all\win\VBoxProxyStub.c(869) long __cdecl vbpsCreateRegKeyA(struct VBPSREGSTATE *,struct HKEY__ *,const char *,struct HKEY__ **,unsigned int): VBPS_LOGREL_NO_ASSERT(rc == ERROR_ACCESS_DENIED)
00:00:00.050650 main     1177: create key 'VirtualBox.Session.1' -> 5
00:00:00.050652 main     AssertLogRel H:\vbox-6.1.36\src\VBox\Main\src-all\win\VBoxProxyStub.c(964) long __cdecl vbpsCreateRegKeyWithDefaultValueAAEx(struct VBPSREGSTATE *,struct HKEY__ *,const char *,const char *,struct HKEY__ **,unsigned int): VBPS_LOGREL_NO_ASSERT(rc == ERROR_ACCESS_DENIED)
00:00:00.050654 main     1177: create key 'VirtualBox.Session.1'(/Default='Session Class') -> 5
00:00:00.050684 main     AssertLogRel H:\vbox-6.1.36\src\VBox\Main\src-all\win\VBoxProxyStub.c(869) long __cdecl vbpsCreateRegKeyA(struct VBPSREGSTATE *,struct HKEY__ *,const char *,struct HKEY__ **,unsigned int): VBPS_LOGREL_NO_ASSERT(rc == ERROR_ACCESS_DENIED)
00:00:00.050689 main     1177: create key 'VirtualBox.Session' -> 5
00:00:00.050691 main     AssertLogRel H:\vbox-6.1.36\src\VBox\Main\src-all\win\VBoxProxyStub.c(964) long __cdecl vbpsCreateRegKeyWithDefaultValueAAEx(struct VBPSREGSTATE *,struct HKEY__ *,const char *,const char *,struct HKEY__ **,unsigned int): VBPS_LOGREL_NO_ASSERT(rc == ERROR_ACCESS_DENIED)
00:00:00.050694 main     1177: create key 'VirtualBox.Session'(/Default='Session Class') -> 5
00:00:00.050736 main     AssertLogRel H:\vbox-6.1.36\src\VBox\Main\src-all\win\VBoxProxyStub.c(869) long __cdecl vbpsCreateRegKeyA(struct VBPSREGSTATE *,struct HKEY__ *,const char *,struct HKEY__ **,unsigned int): VBPS_LOGREL_NO_ASSERT(rc == ERROR_ACCESS_DENIED)
00:00:00.050740 main     1263: create key '{20191216-c9d2-4f11-a384-53f0cf917214}' -> 5
00:00:00.050743 main     AssertLogRel H:\vbox-6.1.36\src\VBox\Main\src-all\win\VBoxProxyStub.c(964) long __cdecl vbpsCreateRegKeyWithDefaultValueAAEx(struct VBPSREGSTATE *,struct HKEY__ *,const char *,const char *,struct HKEY__ **,unsigned int): VBPS_LOGREL_NO_ASSERT(rc == ERROR_ACCESS_DENIED)
00:00:00.050746 main     1263: create key '{20191216-c9d2-4f11-a384-53f0cf917214}'(/Default='Session Class') -> 5
00:00:00.050783 main     AssertLogRel H:\vbox-6.1.36\src\VBox\Main\src-all\win\VBoxProxyStub.c(869) long __cdecl vbpsCreateRegKeyA(struct VBPSREGSTATE *,struct HKEY__ *,const char *,struct HKEY__ **,unsigned int): VBPS_LOGREL_NO_ASSERT(rc == ERROR_ACCESS_DENIED)
00:00:00.050787 main     1177: create key 'VirtualBox.VirtualBoxClient.1' -> 5
00:00:00.050789 main     AssertLogRel H:\vbox-6.1.36\src\VBox\Main\src-all\win\VBoxProxyStub.c(964) long __cdecl vbpsCreateRegKeyWithDefaultValueAAEx(struct VBPSREGSTATE *,struct HKEY__ *,const char *,const char *,struct HKEY__ **,unsigned int): VBPS_LOGREL_NO_ASSERT(rc == ERROR_ACCESS_DENIED)
00:00:00.050792 main     1177: create key 'VirtualBox.VirtualBoxClient.1'(/Default='VirtualBoxClient Class') -> 5
00:00:00.050822 main     AssertLogRel H:\vbox-6.1.36\src\VBox\Main\src-all\win\VBoxProxyStub.c(869) long __cdecl vbpsCreateRegKeyA(struct VBPSREGSTATE *,struct HKEY__ *,const char *,struct HKEY__ **,unsigned int): VBPS_LOGREL_NO_ASSERT(rc == ERROR_ACCESS_DENIED)
00:00:00.050826 main     1177: create key 'VirtualBox.VirtualBoxClient' -> 5
00:00:00.050828 main     AssertLogRel H:\vbox-6.1.36\src\VBox\Main\src-all\win\VBoxProxyStub.c(964) long __cdecl vbpsCreateRegKeyWithDefaultValueAAEx(struct VBPSREGSTATE *,struct HKEY__ *,const char *,const char *,struct HKEY__ **,unsigned int): VBPS_LOGREL_NO_ASSERT(rc == ERROR_ACCESS_DENIED)
00:00:00.050830 main     1177: create key 'VirtualBox.VirtualBoxClient'(/Default='VirtualBoxClient Class') -> 5
00:00:00.050869 main     AssertLogRel H:\vbox-6.1.36\src\VBox\Main\src-all\win\VBoxProxyStub.c(869) long __cdecl vbpsCreateRegKeyA(struct VBPSREGSTATE *,struct HKEY__ *,const char *,struct HKEY__ **,unsigned int): VBPS_LOGREL_NO_ASSERT(rc == ERROR_ACCESS_DENIED)
00:00:00.050873 main     1263: create key '{20191216-26c0-4fe1-bf6f-67f633265bba}' -> 5
00:00:00.050875 main     AssertLogRel H:\vbox-6.1.36\src\VBox\Main\src-all\win\VBoxProxyStub.c(964) long __cdecl vbpsCreateRegKeyWithDefaultValueAAEx(struct VBPSREGSTATE *,struct HKEY__ *,const char *,const char *,struct HKEY__ **,unsigned int): VBPS_LOGREL_NO_ASSERT(rc == ERROR_ACCESS_DENIED)
00:00:00.050878 main     1263: create key '{20191216-26c0-4fe1-bf6f-67f633265bba}'(/Default='VirtualBoxClient Class') -> 5
00:00:00.054832          VirtualBox: object creation starts
00:00:00.055947          Home directory: 'C:\Users\Lenovo\.Ld9VirtualBox'
00:00:00.056185          Installed Drivers:
00:00:00.058515            C:\WINDOWS\system32\DRIVERS\VBoxNetLwf.sys (Version: 7.0.6.5176)
00:00:00.059331            C:\WINDOWS\system32\DRIVERS\VBoxUSBMon.sys (Version: 7.0.6.5176)
00:00:00.059829            C:\WINDOWS\system32\DRIVERS\VBoxSup.sys (Version: 7.0.6.5176)
00:00:00.060789            C:\WINDOWS\system32\DRIVERS\VBoxNetAdp6.sys (Version: 7.0.6.5176)
00:00:00.070798          usbLibGetDevices: Starting USB device enumeration
00:00:00.097265          Getting USB descriptor (id 0) failed (dwErr=31) on hub USB#ROOT_HUB30#4&4909672&0&0#{f18a0e88-c30c-11d0-8815-00a0c906bed8} port 5
00:00:00.097494          Getting USB descriptor (id 0) failed (dwErr=31) on hub USB#ROOT_HUB30#4&4909672&0&0#{f18a0e88-c30c-11d0-8815-00a0c906bed8} port 10
00:00:00.099850          usbLibGetDevices: Found 2 USB devices, 0 captured
00:00:00.100743          USB: Unknown USB device detected (idVendor: 0x174f, idProduct: 0x2459)
00:00:00.101407          USB: Unknown USB device detected (idVendor: 0x8087, idProduct: 0x0aaa)
00:00:00.169787          netIfGetBoundAdapters: could not find either 'oracle_VBoxNetLwf' or 'sun_VBoxNetFlt' components (0x1)
00:00:00.174049          HostDnsMonitor: initializing
00:00:00.180366          HostDnsMonitor: updating information
00:00:00.180756          HostDnsMonitor: old information
00:00:00.180766            no server entries
00:00:00.180769            no domain set
00:00:00.180771            no search string entries
00:00:00.180773          HostDnsMonitor: new information
00:00:00.180776            server 1: 192.168.1.1
00:00:00.180778            no domain set
00:00:00.180780            no search string entries
00:00:00.182024          VD: VDInit finished with VINF_SUCCESS
00:00:00.182881          ERROR [COM]: aRC=E_FAIL (0x80004005) aIID={20191216-929c-40e8-bf16-fea557cd8e7e} aComponent={SystemPropertiesWrap} aText={Cannot determine default Guest Additions ISO location. Most likely they are not available}, preserve=false aResultDetail=0
00:00:00.183954          VirtualBox: object created
00:00:00.195412          ERROR [COM]: aRC=VBOX_E_OBJECT_NOT_FOUND (0x80bb0001) aIID={20191216-e254-4e5b-a1f2-011cf991c38d} aComponent={VirtualBoxWrap} aText={Could not find a registered machine with UUID {20160302-aaaa-aaaa-0eee-000000000000}}, preserve=false aResultDetail=0
00:00:00.226119          Loading settings file "C:\LDPlayer\LDPlayer9\vms\leidian0\leidian.vbox" with version "1.18-windows"
00:00:00.229305          Saving settings file "C:\Users\Lenovo\.Ld9VirtualBox\VirtualBox.xml" with version "1.12-windows"
00:00:00.233886          ERROR [COM]: aRC=VBOX_E_OBJECT_NOT_FOUND (0x80bb0001) aIID={20191216-b5bb-4316-a900-5eb28d3413df} aComponent={SessionMachine} aText={Could not find a shared folder named 'Applications'}, preserve=false aResultDetail=0
00:00:00.234175          ERROR [COM]: aRC=VBOX_E_OBJECT_NOT_FOUND (0x80bb0001) aIID={20191216-b5bb-4316-a900-5eb28d3413df} aComponent={SessionMachine} aText={Could not find a shared folder named 'Bug'}, preserve=false aResultDetail=0
00:00:00.234356          ERROR [COM]: aRC=VBOX_E_OBJECT_NOT_FOUND (0x80bb0001) aIID={20191216-b5bb-4316-a900-5eb28d3413df} aComponent={SessionMachine} aText={Could not find a shared folder named 'Misc'}, preserve=false aResultDetail=0
00:00:00.234552          ERROR [COM]: aRC=VBOX_E_OBJECT_NOT_FOUND (0x80bb0001) aIID={20191216-b5bb-4316-a900-5eb28d3413df} aComponent={SessionMachine} aText={Could not find a shared folder named 'Pictures'}, preserve=false aResultDetail=0
00:00:00.243420          netIfGetBoundAdapters: could not find either 'oracle_VBoxNetLwf' or 'sun_VBoxNetFlt' components (0x1)
00:00:00.246618          Saving settings file "C:\Users\Lenovo\.Ld9VirtualBox\VirtualBox.xml" with version "1.12-windows"
00:00:00.246838          Saving settings file "C:\Users\Lenovo\.Ld9VirtualBox\VirtualBox.xml" with version "1.12-windows"
00:00:00.246895          Saving settings file "C:\Users\Lenovo\.Ld9VirtualBox\VirtualBox.xml" with version "1.12-windows"
00:00:00.246950          Saving settings file "C:\Users\Lenovo\.Ld9VirtualBox\VirtualBox.xml" with version "1.12-windows"
00:00:00.247006          Saving settings file "C:\Users\Lenovo\.Ld9VirtualBox\VirtualBox.xml" with version "1.12-windows"
00:00:00.248378          ERROR [COM]: aRC=VBOX_E_OBJECT_NOT_FOUND (0x80bb0001) aIID={20191216-b5bb-4316-a900-5eb28d3413df} aComponent={SessionMachine} aText={No storage device attached to device slot 0 on port 0 of controller 'VirtIO'}, preserve=false aResultDetail=0
00:00:00.249360          ERROR [COM]: aRC=VBOX_E_OBJECT_NOT_FOUND (0x80bb0001) aIID={20191216-b5bb-4316-a900-5eb28d3413df} aComponent={SessionMachine} aText={No storage device attached to device slot 0 on port 2 of controller 'VirtIO'}, preserve=false aResultDetail=0
00:00:00.289374          Saving settings file "C:\Users\Lenovo\.Ld9VirtualBox\VirtualBox.xml" with version "1.12-windows"
00:00:00.292616          Saving settings file "C:\LDPlayer\LDPlayer9\vms\leidian0\leidian.vbox" with version "1.18-windows"
00:00:00.366039          Launched VM: 23744112 pid: 24392 (0x5f48) frontend: headless name: leidian0
00:00:12.028423          Saving settings file "C:\LDPlayer\LDPlayer9\vms\leidian0\leidian.vbox" with version "1.18-windows"
00:00:17.145167 main     VirtualBox: object deletion starts
00:00:17.145669 main     ERROR [COM]: aRC=VBOX_E_OBJECT_IN_USE (0x80bb000c) aIID={20191216-787b-44ab-b343-a082a3f2dfb1} aComponent={MediumWrap} aText={Medium 'C:\LDPlayer\LDPlayer9\system.vmdk' cannot be closed because it is still attached to 1 virtual machines}, preserve=false aResultDetail=0
00:00:17.145707 main     ERROR [COM]: aRC=VBOX_E_OBJECT_IN_USE (0x80bb000c) aIID={20191216-787b-44ab-b343-a082a3f2dfb1} aComponent={MediumWrap} aText={Medium 'C:\LDPlayer\LDPlayer9\vms\leidian0\data.vmdk' cannot be closed because it is still attached to 1 virtual machines}, preserve=false aResultDetail=0
00:00:17.145718 main     ERROR [COM]: aRC=VBOX_E_OBJECT_IN_USE (0x80bb000c) aIID={20191216-787b-44ab-b343-a082a3f2dfb1} aComponent={MediumWrap} aText={Medium 'C:\LDPlayer\LDPlayer9\vms\leidian0\sdcard.vmdk' cannot be closed because it is still attached to 1 virtual machines}, preserve=false aResultDetail=0
00:00:17.147121 main     HostDnsMonitor: shutting down ...
00:00:17.147170 main     HostDnsMonitor: shut down
00:00:17.149254 Watcher  ERROR [COM]: aRC=E_ACCESSDENIED (0x80070005) aIID={20191216-e254-4e5b-a1f2-011cf991c38d} aComponent={VirtualBoxWrap} aText={The object is not ready}, preserve=false aResultDetail=0
00:00:17.149401 main     VirtualBox: object deleted
